nps_pk,date_id,customer_id,channel_id,score,nps_category
1,20240601,1083,1,10,Promoter
2,20240311,1383,1,5,Detractor
3,20240411,179,1,10,Promoter
4,20240630,566,1,7,Passive
5,20250205,1004,1,8,Passive
6,20250614,1261,1,10,Promoter
7,20240419,1376,1,6,Detractor
8,20240703,837,1,3,Detractor
9,20250721,994,1,7,Passive
10,20240413,192,1,8,Passive
11,20241104,1330,1,6,Detractor
12,20250703,442,2,0,Detractor
13,20250430,57,1,7,Passive
14,20250807,559,1,8,Passive
15,20250416,130,1,10,Promoter
16,20240626,238,2,4,Detractor
17,20250417,629,1,8,Passive
18,20240520,1162,2,7,Passive
19,20241005,80,2,9,Promoter
20,20240319,1233,2,2,Detractor
21,20240810,217,1,2,Detractor
22,20250819,1015,2,5,Detractor
23,20240408,1086,2,7,Passive
24,20240128,692,1,9,Promoter
25,20241026,960,1,6,Detractor
26,20250330,695,2,2,Detractor
27,20250607,438,1,10,Promoter
28,20250508,564,1,9,Promoter
29,20250525,1261,1,7,Passive
30,20240610,1122,2,4,Detractor
31,20251006,1427,1,5,Detractor
32,20240830,661,1,10,Promoter
33,20250208,1055,2,8,Passive
34,20250308,321,2,8,Passive
35,20240722,500,1,10,Promoter
36,20240618,544,1,8,Passive
37,20240723,1405,2,8,Passive
38,20240831,952,1,5,Detractor
39,20241229,128,2,3,Detractor
40,20250702,342,2,8,Passive
41,20240521,19,2,3,Detractor
42,20240722,189,1,8,Passive
43,20250907,797,1,4,Detractor
44,20241211,1004,2,8,Passive
45,20250330,426,2,9,Promoter
46,20250813,1026,1,8,Passive
47,20250419,812,2,7,Passive
48,20240313,994,1,10,Promoter
49,20250723,1171,2,10,Promoter
50,20250326,1207,2,2,Detractor
51,20241118,1467,1,8,Passive
52,20240606,1484,2,8,Passive
53,20240523,815,1,9,Promoter
54,20240705,500,1,9,Promoter
55,20241216,1048,2,10,Promoter
56,20240414,19,1,7,Passive
57,20241005,804,2,7,Passive
58,20241023,500,2,9,Promoter
59,20250618,1179,2,7,Passive
60,20250405,902,2,9,Promoter
61,20240302,548,1,6,Detractor
62,20240115,1335,1,9,Promoter
63,20240724,903,1,10,Promoter
64,20250426,807,1,8,Passive
65,20250328,43,2,7,Passive
66,20250430,1189,2,8,Passive
67,20240630,554,1,7,Passive
68,20250125,1411,1,9,Promoter
69,20240218,990,1,2,Detractor
70,20240430,581,2,8,Passive
71,20250603,1214,2,2,Detractor
72,20250604,1182,1,8,Passive
73,20241015,56,2,9,Promoter
74,20240809,1443,1,9,Promoter
75,20240924,822,1,9,Promoter
76,20250727,18,1,7,Passive
77,20241212,436,1,8,Passive
78,20240815,558,2,9,Promoter
79,20250426,1202,2,9,Promoter
80,20241006,1412,2,0,Detractor
81,20250302,1336,2,6,Detractor
82,20250916,1336,1,7,Passive
83,20241209,1224,2,10,Promoter
84,20240728,859,1,9,Promoter
85,20240128,818,1,10,Promoter
86,20241026,816,2,6,Detractor
87,20241016,653,1,9,Promoter
88,20241214,1056,1,8,Passive
89,20240205,1037,1,7,Passive
90,20241228,959,2,8,Passive
91,20241228,1406,1,6,Detractor
92,20250702,1296,1,9,Promoter
93,20250815,629,1,5,Detractor
94,20240306,439,2,4,Detractor
95,20250901,1423,1,8,Passive
96,20240529,1336,2,8,Passive
97,20250824,1453,2,6,Detractor
98,20240807,722,1,8,Passive
99,20240808,616,1,10,Promoter
100,20240815,1104,1,10,Promoter
101,20241017,1004,1,4,Detractor
102,20240408,304,2,9,Promoter
103,20240114,114,2,10,Promoter
104,20241008,248,2,9,Promoter
105,20240518,208,1,5,Detractor
106,20240120,445,1,10,Promoter
107,20240214,1304,2,10,Promoter
108,20240829,1493,1,7,Passive
109,20240822,1123,1,8,Passive
110,20250724,174,2,5,Detractor
111,20250814,825,1,8,Passive
112,20250615,1120,2,4,Detractor
113,20240112,1101,1,3,Detractor
114,20240210,659,2,7,Passive
115,20240123,1379,1,7,Passive
116,20250920,550,2,9,Promoter
117,20240314,1177,1,7,Passive
118,20250607,1149,1,9,Promoter
119,20250602,236,1,9,Promoter
120,20250203,226,1,9,Promoter
121,20250210,850,2,6,Detractor
122,20241019,599,1,8,Passive
123,20250817,1230,2,9,Promoter
124,20250310,1177,1,7,Passive
125,20250119,728,1,9,Promoter
126,20250125,268,2,7,Passive
127,20241023,980,2,8,Passive
128,20240202,902,2,5,Detractor
129,20240406,800,2,4,Detractor
130,20250421,1447,1,10,Promoter
131,20250222,130,1,7,Passive
132,20250601,1176,2,9,Promoter
133,20250731,771,2,8,Passive
134,20241205,158,1,0,Detractor
135,20250612,811,1,1,Detractor
136,20241004,1369,1,8,Passive
137,20250107,131,2,8,Passive
138,20240714,69,2,9,Promoter
139,20240727,395,1,9,Promoter
140,20250306,1106,2,6,Detractor
141,20240816,4,1,0,Detractor
142,20250716,292,1,7,Passive
143,20250124,1467,1,5,Detractor
144,20240908,317,1,1,Detractor
145,20250705,1374,2,10,Promoter
146,20240223,607,1,6,Detractor
147,20250520,661,1,8,Passive
148,20240530,315,1,7,Passive
149,20241002,522,2,0,Detractor
150,20241016,697,1,2,Detractor
151,20250526,1351,1,5,Detractor
152,20250311,1209,2,9,Promoter
153,20240927,93,1,8,Passive
154,20250707,8,2,8,Passive
155,20250208,1487,1,8,Passive
156,20250604,501,1,9,Promoter
157,20250705,949,1,8,Passive
158,20250114,745,1,10,Promoter
159,20250916,58,2,8,Passive
160,20250507,1226,1,9,Promoter
161,20240331,952,2,8,Passive
162,20250718,1424,1,7,Passive
163,20250921,146,1,8,Passive
164,20250301,831,1,3,Detractor
165,20250804,991,1,0,Detractor
166,20250111,485,1,8,Passive
167,20240812,789,2,4,Detractor
168,20240326,1456,1,1,Detractor
169,20250619,1341,2,8,Passive
170,20241215,993,1,7,Passive
171,20241009,710,2,8,Passive
172,20240922,609,1,6,Detractor
173,20250708,763,1,4,Detractor
174,20250612,1356,1,1,Detractor
175,20240602,1275,2,7,Passive
176,20250917,490,2,9,Promoter
177,20240821,523,1,9,Promoter
178,20240707,1234,2,9,Promoter
179,20240806,1163,1,8,Passive
180,20251005,406,2,8,Passive
181,20250710,835,1,2,Detractor
182,20250507,320,1,8,Passive
183,20250106,414,1,7,Passive
184,20240327,1463,1,9,Promoter
185,20240726,928,2,10,Promoter
186,20250221,643,1,9,Promoter
187,20250212,999,2,2,Detractor
188,20250629,207,1,7,Passive
189,20250222,641,1,0,Detractor
190,20251006,1110,1,1,Detractor
191,20250524,1062,1,8,Passive
192,20240810,698,1,1,Detractor
193,20250629,1236,1,10,Promoter
194,20240510,755,1,8,Passive
195,20240731,329,1,7,Passive
196,20240925,800,1,7,Passive
197,20240130,678,1,10,Promoter
198,20240514,1383,1,10,Promoter
199,20240405,1251,1,10,Promoter
200,20240225,1252,1,7,Passive
201,20250919,283,1,5,Detractor
202,20240714,907,2,2,Detractor
203,20241225,893,1,1,Detractor
204,20250428,413,2,8,Passive
205,20241027,788,2,10,Promoter
206,20250831,350,2,8,Passive
207,20240118,758,2,5,Detractor
208,20250726,699,2,10,Promoter
209,20240206,689,1,9,Promoter
210,20240424,348,1,1,Detractor
211,20250502,974,1,9,Promoter
212,20250728,444,1,7,Passive
213,20250906,96,1,9,Promoter
214,20250119,674,1,7,Passive
215,20241110,867,1,8,Passive
216,20250726,686,1,7,Passive
217,20240609,640,1,10,Promoter
218,20240810,1191,1,9,Promoter
219,20250524,321,2,5,Detractor
220,20240928,1045,1,3,Detractor
221,20240113,644,2,10,Promoter
222,20250722,514,2,8,Passive
223,20250204,649,1,6,Detractor
224,20250822,1294,2,5,Detractor
225,20250807,814,2,4,Detractor
226,20241206,801,1,7,Passive
227,20241208,351,1,5,Detractor
228,20241006,838,2,8,Passive
229,20250514,78,1,6,Detractor
230,20241220,1338,1,2,Detractor
231,20240601,182,2,7,Passive
232,20241122,560,1,4,Detractor
233,20240407,1390,1,6,Detractor
234,20241229,130,2,4,Detractor
235,20250514,1143,2,2,Detractor
236,20250418,223,2,7,Passive
237,20240216,622,1,2,Detractor
238,20240609,1328,1,9,Promoter
239,20240227,1192,1,7,Passive
240,20240621,119,1,2,Detractor
241,20250813,1115,1,8,Passive
242,20240421,49,1,8,Passive
243,20250903,1133,2,5,Detractor
244,20250716,193,1,9,Promoter
245,20240128,539,1,6,Detractor
246,20250326,200,1,7,Passive
247,20240125,1084,1,10,Promoter
248,20240506,422,2,10,Promoter
249,20240905,348,2,6,Detractor
250,20250918,951,1,9,Promoter
251,20241126,251,2,7,Passive
252,20250122,26,1,8,Passive
253,20250314,1063,2,6,Detractor
254,20240202,271,1,8,Passive
255,20250120,567,1,9,Promoter
256,20250723,254,1,9,Promoter
257,20240405,66,2,6,Detractor
258,20250105,518,1,0,Detractor
259,20240626,603,1,7,Passive
260,20240130,321,1,4,Detractor
261,20250531,1210,2,9,Promoter
262,20250209,407,2,7,Passive
263,20250102,996,2,9,Promoter
264,20241103,1192,2,8,Passive
265,20240812,221,1,1,Detractor
266,20250724,1189,1,6,Detractor
267,20240723,1230,1,9,Promoter
268,20241208,244,1,6,Detractor
269,20241029,416,1,6,Detractor
270,20241021,289,2,7,Passive
271,20240907,233,1,0,Detractor
272,20250319,300,1,7,Passive
273,20241004,1066,1,5,Detractor
274,20240207,854,2,10,Promoter
275,20240127,1339,1,7,Passive
276,20241227,484,1,10,Promoter
277,20240112,948,1,6,Detractor
278,20241122,713,1,6,Detractor
279,20250422,1466,1,9,Promoter
280,20250616,426,1,7,Passive
281,20250304,1313,1,0,Detractor
282,20240716,995,1,4,Detractor
283,20250312,499,1,8,Passive
284,20250307,1408,2,7,Passive
285,20250311,498,1,8,Passive
286,20241124,840,1,6,Detractor
287,20250210,92,1,9,Promoter
288,20251006,1449,2,9,Promoter
289,20250929,1129,2,7,Passive
290,20241127,972,2,8,Passive
291,20250917,260,2,8,Passive
292,20240123,683,2,4,Detractor
293,20250427,1042,1,2,Detractor
294,20240307,1422,1,6,Detractor
295,20240309,1347,2,9,Promoter
296,20250218,705,2,8,Passive
297,20250620,1306,2,10,Promoter
298,20241206,327,2,0,Detractor
299,20240313,1119,1,5,Detractor
300,20250720,2,1,10,Promoter
301,20240225,988,1,8,Passive
302,20250708,1485,1,8,Passive
303,20250717,791,1,8,Passive
304,20250429,204,1,9,Promoter
305,20240504,22,2,8,Passive
306,20250105,510,2,1,Detractor
307,20240406,614,2,9,Promoter
308,20241222,27,2,9,Promoter
309,20250721,1319,2,6,Detractor
310,20241117,845,1,9,Promoter
311,20250714,783,2,5,Detractor
312,20250826,1350,1,9,Promoter
313,20250817,773,1,7,Passive
314,20241027,1457,1,4,Detractor
315,20241013,1488,1,9,Promoter
316,20240904,1286,1,10,Promoter
317,20250830,1306,1,9,Promoter
318,20240209,397,2,8,Passive
319,20240330,341,1,4,Detractor
320,20250523,1475,2,9,Promoter
321,20240212,963,1,5,Detractor
322,20240614,423,1,9,Promoter
323,20240418,1176,2,9,Promoter
324,20240410,1128,2,8,Passive
325,20250914,56,1,8,Passive
326,20240424,389,2,5,Detractor
327,20250327,598,2,9,Promoter
328,20240602,2,2,7,Passive
329,20250304,118,2,8,Passive
330,20250618,835,1,10,Promoter
331,20241102,554,1,7,Passive
332,20250930,371,1,10,Promoter
333,20250609,965,1,9,Promoter
334,20250215,687,2,6,Detractor
335,20241218,516,1,9,Promoter
336,20250506,1295,2,8,Passive
337,20240904,660,1,4,Detractor
338,20251005,838,2,8,Passive
339,20241011,447,2,8,Passive
340,20240314,1187,2,4,Detractor
341,20250701,1457,1,7,Passive
342,20241104,16,1,7,Passive
343,20240620,1421,1,0,Detractor
344,20240813,861,1,9,Promoter
345,20241008,515,1,2,Detractor
346,20240518,280,1,10,Promoter
347,20240908,829,1,7,Passive
348,20250721,1319,1,10,Promoter
349,20250703,682,1,10,Promoter
350,20250918,649,1,7,Passive
351,20240803,1041,1,8,Passive
352,20241020,559,2,9,Promoter
353,20250714,1187,2,9,Promoter
354,20250409,786,1,6,Detractor
355,20250223,1104,1,6,Detractor
356,20250730,505,2,4,Detractor
357,20241113,436,1,0,Detractor
358,20250817,366,1,5,Detractor
359,20240517,829,2,8,Passive
360,20240411,570,1,5,Detractor
361,20240413,573,2,10,Promoter
362,20240413,63,1,8,Passive
363,20250503,140,1,10,Promoter
364,20240307,650,2,9,Promoter
365,20240529,558,1,7,Passive
366,20240518,498,2,9,Promoter
367,20240527,1337,2,10,Promoter
368,20250406,192,1,9,Promoter
369,20241007,523,1,1,Detractor
370,20250506,1009,1,5,Detractor
371,20250310,1079,1,8,Passive
372,20250530,809,1,9,Promoter
373,20240205,332,1,8,Passive
374,20241110,397,1,8,Passive
375,20240212,950,2,8,Passive
376,20241227,950,1,10,Promoter
377,20240310,1071,1,7,Passive
378,20240810,27,1,5,Detractor
379,20240525,1063,1,5,Detractor
380,20240809,930,1,10,Promoter
381,20241114,1435,2,1,Detractor
382,20240408,258,2,10,Promoter
383,20240211,847,1,4,Detractor
384,20240901,921,2,10,Promoter
385,20250111,1231,1,7,Passive
386,20250526,292,1,10,Promoter
387,20241019,325,2,3,Detractor
388,20250311,921,2,3,Detractor
389,20250524,248,1,2,Detractor
390,20240811,754,1,8,Passive
391,20240422,708,1,9,Promoter
392,20250505,48,1,6,Detractor
393,20240505,786,2,5,Detractor
394,20240619,382,1,4,Detractor
395,20250214,895,1,6,Detractor
396,20250211,821,1,7,Passive
397,20240315,1032,1,9,Promoter
398,20250510,1262,1,1,Detractor
399,20240821,153,1,9,Promoter
400,20250804,816,1,1,Detractor
401,20240207,237,1,7,Passive
402,20240331,589,2,10,Promoter
403,20250814,249,2,6,Detractor
404,20241214,1130,2,2,Detractor
405,20250623,455,1,3,Detractor
406,20250323,1306,1,0,Detractor
407,20241127,1359,1,9,Promoter
408,20240918,696,1,7,Passive
409,20240906,867,1,7,Passive
410,20241101,690,1,10,Promoter
411,20250316,14,1,7,Passive
412,20241212,259,2,2,Detractor
413,20240123,334,1,3,Detractor
414,20240721,574,1,9,Promoter
415,20240530,716,1,10,Promoter
416,20241216,204,2,8,Passive
417,20250620,624,2,10,Promoter
418,20240819,535,1,9,Promoter
419,20240810,522,1,7,Passive
420,20250415,589,1,9,Promoter
421,20250112,1485,1,9,Promoter
422,20240824,544,1,9,Promoter
423,20250104,253,1,9,Promoter
424,20240708,520,1,8,Passive
425,20250216,1339,1,8,Passive
426,20240510,800,1,10,Promoter
427,20240703,782,2,9,Promoter
428,20250831,488,2,3,Detractor
429,20250212,1074,1,6,Detractor
430,20241226,789,2,9,Promoter
431,20250610,951,1,3,Detractor
432,20250406,1210,1,8,Passive
433,20250424,977,2,3,Detractor
434,20250825,489,2,8,Passive
435,20240609,1192,2,9,Promoter
436,20241011,1461,2,5,Detractor
437,20250714,28,1,6,Detractor
438,20240714,459,2,9,Promoter
439,20240510,756,1,2,Detractor
440,20240122,1495,1,8,Passive
441,20240307,584,1,7,Passive
442,20251005,703,1,2,Detractor
443,20240121,1309,2,7,Passive
444,20250601,323,2,7,Passive
445,20250824,90,1,8,Passive
446,20250113,761,1,5,Detractor
447,20250426,999,1,9,Promoter
448,20250405,85,1,9,Promoter
449,20250725,405,1,8,Passive
450,20241124,336,2,2,Detractor
451,20240707,179,1,9,Promoter
452,20240506,682,2,8,Passive
453,20250603,862,2,8,Passive
454,20250416,1218,1,5,Detractor
455,20250610,31,1,7,Passive
456,20250311,154,1,10,Promoter
457,20250726,1049,2,10,Promoter
458,20250607,586,1,10,Promoter
459,20240907,425,2,10,Promoter
460,20240312,1235,1,8,Passive
461,20240522,52,1,10,Promoter
462,20250108,78,2,3,Detractor
463,20241215,405,1,7,Passive
464,20250607,381,2,7,Passive
465,20241002,284,1,10,Promoter
466,20240422,867,1,0,Detractor
467,20240915,626,1,8,Passive
468,20241129,195,1,9,Promoter
469,20240604,467,1,7,Passive
470,20250302,1107,2,7,Passive
471,20240125,580,1,8,Passive
472,20240402,942,2,7,Passive
473,20250628,1354,2,10,Promoter
474,20240209,540,1,4,Detractor
475,20250723,1161,1,6,Detractor
476,20250809,895,1,8,Passive
477,20240716,399,1,6,Detractor
478,20250808,77,1,10,Promoter
479,20250827,754,2,0,Detractor
480,20240818,1253,1,7,Passive
481,20240717,1117,1,6,Detractor
482,20250722,413,1,6,Detractor
483,20250608,40,2,8,Passive
484,20241009,403,1,1,Detractor
485,20240827,1482,1,6,Detractor
486,20241222,790,1,9,Promoter
487,20240822,891,1,0,Detractor
488,20250611,819,2,7,Passive
489,20240513,474,2,9,Promoter
490,20250408,1332,1,8,Passive
491,20250730,305,1,4,Detractor
492,20240410,400,2,7,Passive
493,20241129,415,2,9,Promoter
494,20240117,739,2,9,Promoter
495,20241216,45,1,4,Detractor
496,20240401,584,2,8,Passive
497,20250314,305,1,9,Promoter
498,20250828,1061,2,4,Detractor
499,20250420,1051,2,9,Promoter
500,20250818,981,1,8,Passive
501,20240127,381,1,7,Passive
502,20240518,866,1,2,Detractor
503,20240604,323,1,9,Promoter
504,20240504,1223,2,8,Passive
505,20250630,728,2,3,Detractor
506,20240523,176,1,8,Passive
507,20240327,620,1,3,Detractor
508,20241114,11,2,8,Passive
509,20251002,866,1,5,Detractor
510,20240117,609,1,9,Promoter
511,20250210,662,1,6,Detractor
512,20250321,1304,2,3,Detractor
513,20241024,1358,1,5,Detractor
514,20241003,1396,2,8,Passive
515,20241201,921,1,7,Passive
516,20240325,193,2,9,Promoter
517,20250307,1366,1,7,Passive
518,20241229,4,2,8,Passive
519,20240402,373,1,4,Detractor
520,20250617,3,2,10,Promoter
521,20250622,156,2,2,Detractor
522,20250926,1274,2,6,Detractor
523,20250425,1200,1,9,Promoter
524,20240305,1271,2,9,Promoter
525,20250614,1089,1,10,Promoter
526,20250909,1399,2,9,Promoter
527,20240708,20,1,8,Passive
528,20241212,874,2,9,Promoter
529,20241018,919,2,7,Passive
530,20250803,885,1,9,Promoter
531,20240818,123,2,2,Detractor
532,20240813,301,1,10,Promoter
533,20240924,1172,1,5,Detractor
534,20240823,1334,2,7,Passive
535,20250822,1462,2,3,Detractor
536,20241209,1393,2,8,Passive
537,20240423,1220,1,10,Promoter
538,20250411,1355,1,0,Detractor
539,20240114,27,2,8,Passive
540,20240701,921,1,3,Detractor
541,20240316,1469,2,9,Promoter
542,20250629,1228,1,9,Promoter
543,20240526,1123,2,7,Passive
544,20250907,125,1,8,Passive
545,20241017,476,1,9,Promoter
546,20250616,833,1,5,Detractor
547,20240320,253,1,10,Promoter
548,20240824,398,1,9,Promoter
549,20240119,253,2,9,Promoter
550,20240308,206,2,9,Promoter
551,20250910,899,1,8,Passive
552,20250707,1254,1,3,Detractor
553,20250518,1317,2,10,Promoter
554,20241119,466,1,8,Passive
555,20241119,191,1,9,Promoter
556,20240629,362,2,10,Promoter
557,20240508,263,1,7,Passive
558,20250309,1473,2,10,Promoter
559,20240725,1494,1,10,Promoter
560,20250719,359,1,3,Detractor
561,20250726,181,1,10,Promoter
562,20250402,682,1,10,Promoter
563,20240530,1142,1,9,Promoter
564,20240518,475,1,8,Passive
565,20241224,541,1,10,Promoter
566,20250622,1344,1,10,Promoter
567,20240726,561,2,10,Promoter
568,20240223,981,2,8,Passive
569,20240421,311,1,7,Passive
570,20250515,1007,2,7,Passive
571,20250916,952,2,6,Detractor
572,20240522,1464,1,8,Passive
573,20240619,863,2,9,Promoter
574,20250208,724,2,6,Detractor
575,20240315,612,1,7,Passive
576,20240305,382,1,5,Detractor
577,20240114,311,1,8,Passive
578,20251005,1041,2,9,Promoter
579,20250920,816,1,7,Passive
580,20250924,189,2,6,Detractor
581,20240813,1133,2,0,Detractor
582,20240928,1095,1,7,Passive
583,20250828,468,2,1,Detractor
584,20250223,416,2,1,Detractor
585,20250519,707,1,10,Promoter
586,20240419,1375,1,7,Passive
587,20250616,689,2,7,Passive
588,20250404,759,2,7,Passive
589,20250421,152,2,7,Passive
590,20250618,724,2,5,Detractor
591,20240824,495,1,6,Detractor
592,20240304,1104,1,4,Detractor
593,20240823,1158,1,0,Detractor
594,20250619,932,1,9,Promoter
595,20240905,150,1,2,Detractor
596,20240320,323,2,2,Detractor
597,20240324,536,1,5,Detractor
598,20250622,1245,1,10,Promoter
599,20250803,1284,1,6,Detractor
600,20250409,1168,1,3,Detractor
601,20240113,1346,1,10,Promoter
602,20240712,213,1,7,Passive
603,20240709,311,2,7,Passive
604,20240130,32,2,9,Promoter
605,20240212,606,1,7,Passive
606,20241010,1309,2,9,Promoter
607,20240322,833,1,7,Passive
608,20241124,1123,2,9,Promoter
609,20250731,878,2,8,Passive
610,20250621,1317,2,8,Passive
611,20250529,218,2,9,Promoter
612,20250927,1456,1,8,Passive
613,20240820,987,1,9,Promoter
614,20240111,75,2,10,Promoter
615,20250501,649,2,1,Detractor
616,20250514,1095,1,6,Detractor
617,20240206,1136,2,9,Promoter
618,20240610,1046,1,7,Passive
619,20240830,1339,2,8,Passive
620,20250323,724,1,3,Detractor
621,20250814,32,2,0,Detractor
622,20240622,728,1,8,Passive
623,20250711,299,1,7,Passive
624,20250112,299,1,5,Detractor
625,20250412,404,1,7,Passive
626,20250421,138,2,10,Promoter
627,20250410,1270,1,9,Promoter
628,20240514,1116,1,7,Passive
629,20240816,239,1,5,Detractor
630,20240706,849,2,10,Promoter
631,20240824,1432,2,9,Promoter
632,20241217,109,2,0,Detractor
633,20240113,117,2,9,Promoter
634,20250402,1007,2,2,Detractor
635,20241121,473,2,9,Promoter
636,20250430,188,1,9,Promoter
637,20250306,960,1,9,Promoter
638,20240320,298,1,9,Promoter
639,20250912,1146,1,10,Promoter
640,20241007,790,1,10,Promoter
641,20240509,114,1,10,Promoter
642,20250424,778,1,8,Passive
643,20250530,1380,1,2,Detractor
644,20251002,1265,2,8,Passive
645,20250316,171,1,7,Passive
646,20250502,384,1,6,Detractor
647,20250407,917,1,9,Promoter
648,20250706,1262,2,0,Detractor
649,20240918,1174,1,6,Detractor
650,20240128,312,1,10,Promoter
651,20241226,1107,1,6,Detractor
652,20240725,786,1,8,Passive
653,20250406,956,1,6,Detractor
654,20250322,227,2,7,Passive
655,20240527,1339,1,9,Promoter
656,20250202,79,1,6,Detractor
657,20240603,515,1,9,Promoter
658,20250324,1098,1,8,Passive
659,20240922,254,1,6,Detractor
660,20250517,1459,1,1,Detractor
661,20250609,688,2,8,Passive
662,20240310,1356,2,7,Passive
663,20240119,1409,2,1,Detractor
664,20241104,512,1,9,Promoter
665,20250409,284,1,7,Passive
666,20250418,79,2,2,Detractor
667,20250928,1246,1,7,Passive
668,20250426,343,2,7,Passive
669,20250330,387,1,7,Passive
670,20240214,682,2,8,Passive
671,20250328,778,1,7,Passive
672,20250517,507,1,6,Detractor
673,20240226,640,1,10,Promoter
674,20250415,1249,1,7,Passive
675,20240817,958,1,8,Passive
676,20240307,1259,1,7,Passive
677,20240329,1441,1,10,Promoter
678,20250713,379,2,9,Promoter
679,20241227,115,1,7,Passive
680,20240123,1496,2,8,Passive
681,20240310,1435,1,7,Passive
682,20240527,1271,1,3,Detractor
683,20240422,643,1,9,Promoter
684,20250113,1006,2,6,Detractor
685,20240621,672,1,10,Promoter
686,20250114,439,1,0,Detractor
687,20240306,928,1,1,Detractor
688,20240329,705,1,6,Detractor
689,20250812,717,2,8,Passive
690,20240127,622,2,7,Passive
691,20240601,90,2,7,Passive
692,20250409,1101,2,10,Promoter
693,20241101,1362,1,9,Promoter
694,20241020,644,2,9,Promoter
695,20250919,265,1,9,Promoter
696,20250408,506,1,8,Passive
697,20250414,737,1,0,Detractor
698,20240924,1294,1,10,Promoter
699,20250508,204,1,8,Passive
700,20241014,1246,1,10,Promoter
701,20240801,314,1,1,Detractor
702,20250819,614,2,10,Promoter
703,20250122,497,2,8,Passive
704,20240622,1267,2,8,Passive
705,20240426,768,1,8,Passive
706,20240819,886,2,3,Detractor
707,20240128,1173,1,1,Detractor
708,20250718,561,1,10,Promoter
709,20240212,59,2,10,Promoter
710,20250502,951,2,6,Detractor
711,20241128,790,1,9,Promoter
712,20250809,412,1,6,Detractor
713,20240227,1250,2,3,Detractor
714,20250113,146,1,9,Promoter
715,20240816,670,2,9,Promoter
716,20240303,595,1,9,Promoter
717,20241110,1027,1,9,Promoter
718,20240808,1183,2,9,Promoter
719,20250729,655,1,9,Promoter
720,20240410,287,1,9,Promoter
721,20250726,489,2,10,Promoter
722,20250717,897,1,9,Promoter
723,20240227,1094,1,7,Passive
724,20241220,713,2,7,Passive
725,20241020,1222,2,6,Detractor
726,20250724,176,1,7,Passive
727,20241217,1373,2,9,Promoter
728,20240811,613,2,3,Detractor
729,20240206,1082,2,9,Promoter
730,20250611,790,1,5,Detractor
731,20240907,173,1,9,Promoter
732,20250903,800,1,5,Detractor
733,20250224,1014,2,0,Detractor
734,20240116,719,1,8,Passive
735,20250403,1247,2,7,Passive
736,20241226,882,1,8,Passive
737,20250213,281,1,7,Passive
738,20241025,1014,2,6,Detractor
739,20241020,621,1,4,Detractor
740,20250608,441,1,7,Passive
741,20240522,1062,2,9,Promoter
742,20250821,952,1,10,Promoter
743,20240704,496,1,6,Detractor
744,20240612,338,1,5,Detractor
745,20240522,192,1,7,Passive
746,20240422,292,1,10,Promoter
747,20250521,483,2,10,Promoter
748,20250506,1356,1,3,Detractor
749,20250904,1234,2,8,Passive
750,20250919,359,1,9,Promoter
751,20240309,671,1,8,Passive
752,20240504,595,2,9,Promoter
753,20250530,1405,2,7,Passive
754,20250118,1230,1,5,Detractor
755,20251005,173,1,7,Passive
756,20250221,130,2,0,Detractor
757,20240909,1134,1,9,Promoter
758,20250525,132,1,8,Passive
759,20240610,74,2,0,Detractor
760,20240417,147,2,5,Detractor
761,20250408,791,1,10,Promoter
762,20240728,849,1,10,Promoter
763,20240305,84,1,8,Passive
764,20250917,1313,2,7,Passive
765,20250804,930,2,9,Promoter
766,20240708,160,2,3,Detractor
767,20250918,1128,2,10,Promoter
768,20250413,1029,1,8,Passive
769,20240809,185,1,10,Promoter
770,20240609,1144,2,8,Passive
771,20240815,930,1,6,Detractor
772,20250908,774,1,10,Promoter
773,20240822,688,2,1,Detractor
774,20240409,433,1,9,Promoter
775,20250321,249,1,9,Promoter
776,20250303,279,2,0,Detractor
777,20240906,1452,1,9,Promoter
778,20240117,1223,2,8,Passive
779,20241005,1385,1,10,Promoter
780,20250808,722,1,9,Promoter
781,20240530,1085,2,6,Detractor
782,20250816,378,1,3,Detractor
783,20241202,54,1,3,Detractor
784,20240621,727,2,6,Detractor
785,20250526,1398,1,9,Promoter
786,20250916,1406,1,4,Detractor
787,20250426,591,1,10,Promoter
788,20240402,10,2,9,Promoter
789,20240908,877,1,2,Detractor
790,20241128,522,2,8,Passive
791,20240826,203,2,7,Passive
792,20241027,1049,2,10,Promoter
793,20250928,855,2,8,Passive
794,20240122,584,1,7,Passive
795,20240823,1387,2,5,Detractor
796,20241206,571,1,10,Promoter
797,20250609,791,2,6,Detractor
798,20241222,106,2,7,Passive
799,20240429,1114,2,10,Promoter
800,20241229,397,1,5,Detractor
801,20250519,46,2,9,Promoter
802,20241228,1260,2,8,Passive
803,20241107,1473,2,6,Detractor
804,20250425,582,1,10,Promoter
805,20240326,323,1,8,Passive
806,20240508,203,1,7,Passive
807,20250513,1180,1,8,Passive
808,20250119,358,2,6,Detractor
809,20250515,922,1,8,Passive
810,20250225,645,2,4,Detractor
811,20250212,582,1,7,Passive
812,20250920,783,2,2,Detractor
813,20240123,852,1,0,Detractor
814,20250809,513,1,2,Detractor
815,20240314,169,1,8,Passive
816,20240501,1209,1,10,Promoter
817,20250930,147,1,9,Promoter
818,20250207,185,1,6,Detractor
819,20241027,739,2,10,Promoter
820,20250122,1470,2,7,Passive
821,20250213,198,1,8,Passive
822,20240312,884,1,8,Passive
823,20241119,457,1,10,Promoter
824,20241226,1184,1,10,Promoter
825,20250527,221,2,7,Passive
826,20240829,117,2,10,Promoter
827,20240717,703,2,6,Detractor
828,20251004,58,1,10,Promoter
829,20250506,840,1,8,Passive
830,20250205,634,2,8,Passive
831,20241109,914,2,9,Promoter
832,20250505,1281,1,8,Passive
833,20240118,852,2,5,Detractor
834,20240321,1336,2,7,Passive
835,20251009,1264,1,1,Detractor
836,20250201,140,1,1,Detractor
837,20240612,162,1,9,Promoter
838,20240502,460,1,8,Passive
839,20241108,1392,1,5,Detractor
840,20241109,4,2,9,Promoter
841,20241130,1372,2,8,Passive
842,20250726,921,2,7,Passive
843,20241002,880,1,8,Passive
844,20240531,603,2,10,Promoter
845,20250219,389,1,5,Detractor
846,20240209,769,2,8,Passive
847,20240823,1480,2,9,Promoter
848,20250620,1352,1,1,Detractor
849,20240531,1081,1,6,Detractor
850,20250811,1318,2,10,Promoter
851,20240112,1129,2,8,Passive
852,20250730,495,1,7,Passive
853,20240325,586,1,10,Promoter
854,20240425,554,1,7,Passive
855,20250922,440,1,1,Detractor
856,20241231,212,1,8,Passive
857,20250518,538,1,8,Passive
858,20250730,588,2,0,Detractor
859,20250805,1135,1,7,Passive
860,20240624,452,1,7,Passive
861,20250219,26,1,5,Detractor
862,20240907,33,2,10,Promoter
863,20250513,229,1,9,Promoter
864,20240307,1155,1,10,Promoter
865,20250902,843,1,6,Detractor
866,20240513,570,2,8,Passive
867,20250528,1208,1,8,Passive
868,20250509,275,1,7,Passive
869,20250413,529,1,6,Detractor
870,20250323,599,2,10,Promoter
871,20250119,333,1,5,Detractor
872,20240422,6,1,9,Promoter
873,20250511,549,1,9,Promoter
874,20250326,1427,2,6,Detractor
875,20241009,1237,1,7,Passive
876,20250226,432,2,8,Passive
877,20250502,657,1,7,Passive
878,20250422,730,1,9,Promoter
879,20241012,824,2,7,Passive
880,20250302,1001,1,9,Promoter
881,20250510,188,1,8,Passive
882,20250711,965,1,6,Detractor
883,20250929,717,1,9,Promoter
884,20240306,1085,2,9,Promoter
885,20241009,765,1,9,Promoter
886,20250628,484,2,2,Detractor
887,20251002,931,1,6,Detractor
888,20250905,417,1,10,Promoter
889,20241016,801,2,10,Promoter
890,20240621,501,1,4,Detractor
891,20240331,1358,2,9,Promoter
892,20250822,1325,2,6,Detractor
893,20241226,960,1,10,Promoter
894,20240721,637,1,6,Detractor
895,20240330,956,2,2,Detractor
896,20250404,533,2,7,Passive
897,20250702,1495,1,6,Detractor
898,20250514,1025,2,8,Passive
899,20240910,1176,1,10,Promoter
900,20240328,803,2,8,Passive
901,20240608,725,1,6,Detractor
902,20250630,938,1,9,Promoter
903,20240911,1031,1,8,Passive
904,20241106,696,1,1,Detractor
905,20250805,237,1,3,Detractor
906,20250214,1053,1,10,Promoter
907,20250405,308,1,6,Detractor
908,20250918,672,1,8,Passive
909,20250722,1147,2,8,Passive
910,20250612,1238,2,7,Passive
911,20250411,460,2,8,Passive
912,20240218,906,2,10,Promoter
913,20240119,825,1,8,Passive
914,20250509,1095,2,8,Passive
915,20250219,435,2,10,Promoter
916,20250222,585,2,8,Passive
917,20240904,281,2,9,Promoter
918,20250821,82,2,6,Detractor
919,20240503,329,1,10,Promoter
920,20241219,415,1,7,Passive
921,20240306,1135,1,4,Detractor
922,20240506,1021,1,4,Detractor
923,20251010,160,1,4,Detractor
924,20250118,434,1,7,Passive
925,20241122,357,2,4,Detractor
926,20250412,1285,1,7,Passive
927,20250217,229,1,7,Passive
928,20240608,420,1,9,Promoter
929,20241220,2,2,8,Passive
930,20240803,47,1,10,Promoter
931,20250501,1163,1,6,Detractor
932,20250731,1423,1,9,Promoter
933,20240813,615,1,4,Detractor
934,20251012,1149,1,7,Passive
935,20240928,628,1,8,Passive
936,20250109,1247,1,5,Detractor
937,20250620,458,1,9,Promoter
938,20250605,95,2,10,Promoter
939,20240227,1002,1,7,Passive
940,20250223,488,2,1,Detractor
941,20250805,851,2,4,Detractor
942,20250301,509,2,7,Passive
943,20250319,888,1,10,Promoter
944,20240619,1268,2,9,Promoter
945,20240815,507,2,9,Promoter
946,20250605,387,2,10,Promoter
947,20241114,670,1,2,Detractor
948,20250726,186,1,9,Promoter
949,20240729,1235,1,9,Promoter
950,20240808,418,1,10,Promoter
951,20240722,196,1,6,Detractor
952,20240322,304,1,10,Promoter
953,20241230,1434,2,9,Promoter
954,20250522,453,2,10,Promoter
955,20240823,1040,2,4,Detractor
956,20250516,107,1,10,Promoter
957,20250319,887,2,8,Passive
958,20250426,837,1,10,Promoter
959,20250513,1327,1,9,Promoter
960,20240417,836,1,9,Promoter
961,20250525,1413,1,8,Passive
962,20240304,621,2,9,Promoter
963,20240831,947,1,6,Detractor
964,20240130,1015,1,8,Passive
965,20250625,458,2,9,Promoter
966,20250818,1462,1,9,Promoter
967,20241009,289,2,3,Detractor
968,20240304,1318,2,0,Detractor
969,20240220,720,2,6,Detractor
970,20241025,350,2,7,Passive
971,20240218,1276,1,8,Passive
972,20250217,1141,2,10,Promoter
973,20250415,640,2,10,Promoter
974,20250907,8,2,8,Passive
975,20250126,666,2,8,Passive
976,20241026,1451,1,10,Promoter
977,20250417,384,1,6,Detractor
978,20241013,1130,1,10,Promoter
979,20240413,547,1,8,Passive
980,20250526,1228,1,10,Promoter
981,20250909,1209,1,9,Promoter
982,20250425,1489,1,9,Promoter
983,20250311,4,1,10,Promoter
984,20240813,760,1,9,Promoter
985,20240606,286,1,9,Promoter
986,20250220,951,1,10,Promoter
987,20250807,487,2,10,Promoter
988,20240210,1218,2,2,Detractor
989,20250714,522,1,5,Detractor
990,20250303,468,1,8,Passive
991,20240601,703,2,10,Promoter
992,20241226,1000,1,9,Promoter
993,20250418,137,2,10,Promoter
994,20241030,168,2,9,Promoter
995,20241123,452,2,10,Promoter
996,20250117,1210,2,2,Detractor
997,20250723,599,2,10,Promoter
998,20250616,734,1,10,Promoter
999,20250904,27,2,9,Promoter
1000,20240528,1186,1,10,Promoter
1001,20250621,1227,2,5,Detractor
1002,20240722,1338,2,9,Promoter
1003,20250629,1275,2,7,Passive
1004,20250319,934,1,6,Detractor
1005,20240706,883,2,10,Promoter
1006,20241115,624,1,8,Passive
1007,20250810,1272,1,7,Passive
1008,20250105,746,2,10,Promoter
1009,20240511,858,1,8,Passive
1010,20250620,393,1,10,Promoter
1011,20240707,990,1,10,Promoter
1012,20241111,769,1,7,Passive
1013,20240927,496,1,2,Detractor
1014,20240223,401,1,7,Passive
1015,20240509,1042,1,10,Promoter
1016,20240915,1101,2,6,Detractor
1017,20241029,15,1,9,Promoter
1018,20240508,748,1,7,Passive
1019,20251007,825,1,10,Promoter
1020,20250531,957,2,7,Passive
1021,20250121,528,1,3,Detractor
1022,20250115,1422,1,1,Detractor
1023,20251010,71,1,5,Detractor
1024,20240808,1375,2,5,Detractor
1025,20241221,504,2,9,Promoter
1026,20240420,1257,2,8,Passive
1027,20240820,1165,2,2,Detractor
1028,20250410,39,1,8,Passive
1029,20241223,102,2,3,Detractor
1030,20250917,863,1,7,Passive
1031,20240512,494,1,3,Detractor
1032,20250418,1132,1,5,Detractor
1033,20240513,723,1,9,Promoter
1034,20240202,280,2,9,Promoter
1035,20250617,765,1,8,Passive
1036,20240603,778,1,1,Detractor
1037,20240626,428,1,8,Passive
1038,20240204,559,2,7,Passive
1039,20240326,1318,2,10,Promoter
1040,20250215,1451,1,6,Detractor
1041,20240224,994,1,4,Detractor
1042,20240426,311,1,5,Detractor
1043,20250812,282,1,8,Passive
1044,20241006,94,2,9,Promoter
1045,20240325,1359,1,9,Promoter
1046,20241219,1400,2,8,Passive
1047,20240224,244,2,7,Passive
1048,20251009,295,1,8,Passive
1049,20241111,731,1,1,Detractor
1050,20250419,1191,2,7,Passive
1051,20250309,1104,1,8,Passive
1052,20250711,489,2,7,Passive
1053,20250827,1096,2,7,Passive
1054,20250315,1253,1,1,Detractor
1055,20240826,987,1,8,Passive
1056,20240316,43,1,8,Passive
1057,20250718,268,1,9,Promoter
1058,20240828,1045,1,9,Promoter
1059,20240815,1410,1,4,Detractor
1060,20241116,859,1,10,Promoter
1061,20240707,353,1,7,Passive
1062,20241101,350,2,10,Promoter
1063,20240224,663,2,3,Detractor
1064,20240301,601,1,7,Passive
1065,20241031,468,1,6,Detractor
1066,20250817,975,2,10,Promoter
1067,20250615,1041,2,10,Promoter
1068,20250717,439,2,6,Detractor
1069,20250509,1120,1,8,Passive
1070,20241228,948,1,9,Promoter
1071,20250911,1090,2,7,Passive
1072,20250819,771,1,0,Detractor
1073,20241224,1337,2,7,Passive
1074,20241022,1269,2,5,Detractor
1075,20250713,1052,1,10,Promoter
1076,20250501,628,1,5,Detractor
1077,20250424,589,2,8,Passive
1078,20250709,326,1,0,Detractor
1079,20250222,1463,1,9,Promoter
1080,20250707,1131,2,3,Detractor
1081,20241020,688,1,10,Promoter
1082,20250220,1135,1,6,Detractor
1083,20250304,516,2,8,Passive
1084,20250824,1019,2,4,Detractor
1085,20250603,1009,1,4,Detractor
1086,20250517,1015,2,9,Promoter
1087,20250605,234,1,9,Promoter
1088,20240729,699,1,3,Detractor
1089,20240514,807,2,2,Detractor
1090,20240714,945,2,9,Promoter
1091,20250414,264,1,7,Passive
1092,20241128,405,2,7,Passive
1093,20250531,549,1,7,Passive
1094,20240714,365,1,4,Detractor
1095,20250715,1208,1,5,Detractor
1096,20241228,1005,1,9,Promoter
1097,20240709,1437,1,5,Detractor
1098,20240923,396,1,9,Promoter
1099,20250103,711,1,2,Detractor
1100,20250622,497,1,9,Promoter
1101,20240120,37,1,10,Promoter
1102,20240828,380,1,8,Passive
1103,20250828,535,2,5,Detractor
1104,20240623,651,2,8,Passive
1105,20241023,1085,1,9,Promoter
1106,20241207,1238,2,8,Passive
1107,20250820,184,1,6,Detractor
1108,20250929,498,2,7,Passive
1109,20240907,1117,2,7,Passive
1110,20250812,469,1,10,Promoter
1111,20240804,815,1,5,Detractor
1112,20240820,282,2,10,Promoter
1113,20250101,335,2,9,Promoter
1114,20250117,261,1,6,Detractor
1115,20250126,540,2,7,Passive
1116,20241019,989,1,6,Detractor
1117,20250808,354,1,9,Promoter
1118,20250529,487,1,1,Detractor
1119,20240905,553,2,9,Promoter
1120,20250506,1111,2,7,Passive
1121,20240731,293,1,1,Detractor
1122,20250310,814,1,7,Passive
1123,20240220,444,2,7,Passive
1124,20250707,69,2,8,Passive
1125,20250315,1074,1,8,Passive
1126,20240620,121,2,3,Detractor
1127,20250102,1418,2,3,Detractor
1128,20250311,1317,2,4,Detractor
1129,20240808,317,1,8,Passive
1130,20250622,1159,2,9,Promoter
1131,20250727,876,1,9,Promoter
1132,20250415,159,2,8,Passive
1133,20240514,1246,2,8,Passive
1134,20241215,831,1,9,Promoter
1135,20250110,14,2,9,Promoter
1136,20241114,52,2,8,Passive
1137,20240530,63,1,0,Detractor
1138,20240725,714,2,7,Passive
1139,20240830,276,2,9,Promoter
1140,20240406,165,2,7,Passive
1141,20240305,361,1,7,Passive
1142,20240707,1339,1,8,Passive
1143,20240120,56,2,9,Promoter
1144,20250927,665,2,2,Detractor
1145,20240516,1475,1,10,Promoter
1146,20250328,1356,1,7,Passive
1147,20241027,142,2,8,Passive
1148,20250904,466,2,8,Passive
1149,20241112,1169,1,7,Passive
1150,20250110,634,1,9,Promoter
1151,20240109,209,2,9,Promoter
1152,20241210,1157,1,9,Promoter
1153,20250227,1258,1,8,Passive
1154,20240404,663,1,0,Detractor
1155,20240430,785,1,8,Passive
1156,20241229,267,2,8,Passive
1157,20251001,655,1,6,Detractor
1158,20241215,757,1,7,Passive
1159,20250801,1329,1,9,Promoter
1160,20250520,542,1,10,Promoter
1161,20240216,316,2,8,Passive
1162,20250724,398,1,1,Detractor
1163,20250620,964,1,8,Passive
1164,20241116,854,2,10,Promoter
1165,20240421,1065,2,7,Passive
1166,20240901,359,1,9,Promoter
1167,20240430,174,1,4,Detractor
1168,20250101,1333,1,9,Promoter
1169,20240522,901,2,0,Detractor
1170,20240429,977,1,10,Promoter
1171,20250524,757,1,7,Passive
1172,20241019,1029,1,9,Promoter
1173,20250320,904,1,8,Passive
1174,20250524,716,1,5,Detractor
1175,20250210,1463,2,8,Passive
1176,20250203,800,2,9,Promoter
1177,20250203,1366,2,8,Passive
1178,20240927,1009,1,8,Passive
1179,20250916,487,2,8,Passive
1180,20240605,970,1,9,Promoter
1181,20240928,1127,1,10,Promoter
1182,20240930,22,1,6,Detractor
1183,20241212,1401,1,9,Promoter
1184,20240409,571,2,10,Promoter
1185,20240416,1061,1,7,Passive
1186,20250311,143,1,8,Passive
1187,20250725,712,1,1,Detractor
1188,20250418,649,1,6,Detractor
1189,20250526,317,1,8,Passive
1190,20250513,16,2,7,Passive
1191,20241201,175,2,9,Promoter
1192,20240730,694,2,5,Detractor
1193,20240819,1377,1,9,Promoter
1194,20240311,653,2,5,Detractor
1195,20250117,1328,1,8,Passive
1196,20250210,850,1,8,Passive
1197,20240325,1043,2,10,Promoter
1198,20240608,120,2,9,Promoter
1199,20240625,374,1,1,Detractor
1200,20250523,1023,2,10,Promoter
1201,20240829,1435,1,4,Detractor
1202,20240501,1022,2,4,Detractor
1203,20250427,397,2,5,Detractor
1204,20250226,539,1,1,Detractor
1205,20240428,662,2,7,Passive
1206,20250208,413,2,7,Passive
1207,20240925,978,1,7,Passive
1208,20240310,94,1,8,Passive
1209,20250112,593,2,9,Promoter
1210,20251009,3,1,10,Promoter
1211,20240301,986,1,9,Promoter
1212,20250722,1097,1,5,Detractor
1213,20240208,1298,2,8,Passive
1214,20240225,968,2,0,Detractor
1215,20240208,256,2,10,Promoter
1216,20250624,165,2,7,Passive
1217,20240409,74,2,8,Passive
1218,20240628,610,1,9,Promoter
1219,20240705,1181,1,8,Passive
1220,20250720,1198,1,7,Passive
1221,20251006,383,2,9,Promoter
1222,20241220,327,1,4,Detractor
1223,20250523,1118,1,3,Detractor
1224,20240911,1093,2,5,Detractor
1225,20250713,348,1,10,Promoter
1226,20250407,988,1,9,Promoter
1227,20240708,1242,1,8,Passive
1228,20240219,645,2,8,Passive
1229,20240221,1068,1,7,Passive
1230,20250625,523,1,9,Promoter
1231,20240208,624,1,0,Detractor
1232,20240418,705,2,6,Detractor
1233,20250117,12,2,3,Detractor
1234,20250409,748,1,9,Promoter
1235,20240320,922,2,9,Promoter
1236,20250222,637,2,7,Passive
1237,20250224,1225,2,8,Passive
1238,20240115,1336,2,3,Detractor
1239,20250128,1006,1,6,Detractor
1240,20241013,717,1,9,Promoter
1241,20250429,1117,1,5,Detractor
1242,20250905,547,1,7,Passive
1243,20240406,1073,2,6,Detractor
1244,20250903,611,2,9,Promoter
1245,20250301,1315,2,7,Passive
1246,20250408,881,2,10,Promoter
1247,20240916,475,1,7,Passive
1248,20250429,1015,1,5,Detractor
1249,20240611,574,2,7,Passive
1250,20240425,71,1,9,Promoter
1251,20250926,737,2,9,Promoter
1252,20241213,1060,2,4,Detractor
1253,20240414,1145,2,8,Passive
1254,20240727,1256,1,10,Promoter
1255,20250706,1063,2,9,Promoter
1256,20250212,551,1,0,Detractor
1257,20250111,248,2,5,Detractor
1258,20240630,831,1,6,Detractor
1259,20240417,968,2,10,Promoter
1260,20240419,1010,1,3,Detractor
1261,20240331,509,2,10,Promoter
1262,20250224,767,2,8,Passive
1263,20250305,795,1,8,Passive
1264,20250312,712,1,8,Passive
1265,20240528,273,1,9,Promoter
1266,20240713,818,1,6,Detractor
1267,20240311,513,2,6,Detractor
1268,20240524,1026,2,10,Promoter
1269,20250524,1347,2,8,Passive
1270,20240310,258,1,2,Detractor
1271,20250401,1010,1,10,Promoter
1272,20241007,220,2,7,Passive
1273,20250220,1048,1,8,Passive
1274,20240224,1300,1,8,Passive
1275,20250407,262,2,8,Passive
1276,20240728,1141,2,10,Promoter
1277,20240124,1234,2,8,Passive
1278,20241226,554,1,8,Passive
1279,20240523,730,1,9,Promoter
1280,20240415,578,2,9,Promoter
1281,20250929,1133,1,8,Passive
1282,20250225,272,1,9,Promoter
1283,20240501,705,1,7,Passive
1284,20250719,1304,2,3,Detractor
1285,20240609,1274,2,5,Detractor
1286,20250725,38,1,1,Detractor
1287,20241129,1037,2,1,Detractor
1288,20250702,1438,1,10,Promoter
1289,20241214,621,1,9,Promoter
1290,20250603,177,1,7,Passive
1291,20240206,1116,2,6,Detractor
1292,20240228,537,2,6,Detractor
1293,20250321,233,2,10,Promoter
1294,20250520,358,1,9,Promoter
1295,20240922,544,1,6,Detractor
1296,20250119,694,2,7,Passive
1297,20250630,1267,2,6,Detractor
1298,20241215,491,1,10,Promoter
1299,20250620,536,1,10,Promoter
1300,20240923,403,1,6,Detractor
1301,20250809,856,1,9,Promoter
1302,20240219,184,2,7,Passive
1303,20240114,349,1,10,Promoter
1304,20241207,356,1,4,Detractor
1305,20241106,818,2,8,Passive
1306,20240912,1251,2,4,Detractor
1307,20251002,85,2,8,Passive
1308,20250122,255,1,10,Promoter
1309,20250330,929,2,8,Passive
1310,20240925,541,2,6,Detractor
1311,20250830,116,2,4,Detractor
1312,20250411,402,1,8,Passive
1313,20240429,922,2,3,Detractor
1314,20240223,1484,2,6,Detractor
1315,20240815,986,1,1,Detractor
1316,20241225,155,1,6,Detractor
1317,20240611,138,1,7,Passive
1318,20240122,556,1,9,Promoter
1319,20250930,401,1,6,Detractor
1320,20250902,267,2,0,Detractor
1321,20240817,776,1,6,Detractor
1322,20250305,186,1,7,Passive
1323,20240210,1330,1,0,Detractor
1324,20240126,32,1,9,Promoter
1325,20241029,7,1,6,Detractor
1326,20240128,358,1,9,Promoter
1327,20240311,129,1,0,Detractor
1328,20250623,829,2,7,Passive
1329,20240809,1129,2,9,Promoter
1330,20250212,1297,1,6,Detractor
1331,20241220,1001,1,10,Promoter
1332,20240307,1222,2,9,Promoter
1333,20240428,961,1,6,Detractor
1334,20240806,147,1,9,Promoter
1335,20250618,1439,1,9,Promoter
1336,20250405,880,2,10,Promoter
1337,20250312,208,2,10,Promoter
1338,20240829,1240,2,8,Passive
1339,20250826,956,2,9,Promoter
1340,20250610,1212,2,3,Detractor
1341,20250725,112,1,9,Promoter
1342,20250613,999,1,10,Promoter
1343,20250318,1381,1,10,Promoter
1344,20240917,935,2,8,Passive
1345,20250310,1412,1,10,Promoter
1346,20251002,296,1,7,Passive
1347,20240223,933,1,3,Detractor
1348,20250928,954,1,9,Promoter
1349,20241023,269,2,7,Passive
1350,20250815,281,2,5,Detractor
1351,20250608,359,2,8,Passive
1352,20250628,492,1,9,Promoter
1353,20250522,489,2,5,Detractor
1354,20250711,386,2,7,Passive
1355,20250821,1329,1,7,Passive
1356,20240226,649,2,5,Detractor
1357,20250517,684,1,9,Promoter
1358,20250929,928,2,8,Passive
1359,20250525,1096,1,5,Detractor
1360,20250625,546,1,10,Promoter
1361,20240324,121,1,10,Promoter
1362,20240616,400,2,10,Promoter
1363,20240128,383,1,10,Promoter
1364,20240511,518,1,9,Promoter
1365,20250315,1130,2,9,Promoter
1366,20250913,921,2,5,Detractor
1367,20240920,42,1,8,Passive
1368,20240726,1459,1,2,Detractor
1369,20250922,1172,2,0,Detractor
1370,20250904,300,1,7,Passive
1371,20240225,23,2,10,Promoter
1372,20250908,321,1,5,Detractor
1373,20241226,426,1,8,Passive
1374,20250716,594,2,9,Promoter
1375,20240709,1483,2,9,Promoter
1376,20251008,1003,1,9,Promoter
1377,20250526,457,2,5,Detractor
1378,20240303,746,1,9,Promoter
1379,20240617,150,2,9,Promoter
1380,20240513,1313,1,8,Passive
1381,20240628,1087,2,10,Promoter
1382,20250522,835,1,9,Promoter
1383,20250202,1149,2,3,Detractor
1384,20240516,587,2,9,Promoter
1385,20250218,257,1,7,Passive
1386,20241128,1127,1,0,Detractor
1387,20250802,1332,1,8,Passive
1388,20251012,961,1,0,Detractor
1389,20250206,85,2,9,Promoter
1390,20250920,461,2,8,Passive
1391,20240424,302,2,4,Detractor
1392,20250610,1239,1,9,Promoter
1393,20250515,633,2,10,Promoter
1394,20240902,1475,2,9,Promoter
1395,20250815,1377,1,9,Promoter
1396,20240604,719,1,3,Detractor
1397,20241212,390,1,7,Passive
1398,20250731,541,1,3,Detractor
1399,20240802,1181,1,7,Passive
1400,20250125,1022,1,7,Passive
1401,20241218,485,1,7,Passive
1402,20240212,1011,1,7,Passive
1403,20241227,771,1,6,Detractor
1404,20250912,478,2,0,Detractor
1405,20240709,529,2,5,Detractor
1406,20240429,73,1,10,Promoter
1407,20250915,615,1,5,Detractor
1408,20250422,1048,2,5,Detractor
1409,20240517,1292,1,3,Detractor
1410,20241208,1429,1,10,Promoter
1411,20241101,1353,1,9,Promoter
1412,20250218,1322,1,8,Passive
1413,20240207,325,1,7,Passive
1414,20250315,1004,1,7,Passive
1415,20250702,509,2,9,Promoter
1416,20241103,1498,1,8,Passive
1417,20250228,166,2,4,Detractor
1418,20250904,971,2,8,Passive
1419,20250705,1301,2,8,Passive
1420,20251007,573,2,9,Promoter
1421,20240803,730,2,7,Passive
1422,20250311,650,2,9,Promoter
1423,20241007,873,1,9,Promoter
1424,20251005,658,2,9,Promoter
1425,20240903,991,2,1,Detractor
1426,20251003,106,2,3,Detractor
1427,20250908,270,2,10,Promoter
1428,20250316,833,1,6,Detractor
1429,20240823,604,1,6,Detractor
1430,20240913,1051,2,7,Passive
1431,20251004,212,2,10,Promoter
1432,20240216,1149,1,8,Passive
1433,20240925,456,2,8,Passive
1434,20250426,859,2,7,Passive
1435,20241210,728,2,5,Detractor
1436,20240714,1062,1,9,Promoter
1437,20240611,995,1,7,Passive
1438,20250504,1173,1,8,Passive
1439,20240803,1375,1,4,Detractor
1440,20240603,1073,2,3,Detractor
1441,20250930,767,1,7,Passive
1442,20250406,969,2,8,Passive
1443,20250303,466,2,10,Promoter
1444,20250307,658,1,6,Detractor
1445,20241023,503,2,1,Detractor
1446,20250712,810,2,0,Detractor
1447,20240427,1161,2,7,Passive
1448,20240402,373,2,7,Passive
1449,20240402,467,1,6,Detractor
1450,20241006,165,1,8,Passive
1451,20250629,1212,2,7,Passive
1452,20250301,237,1,5,Detractor
1453,20240825,447,2,10,Promoter
1454,20250314,272,1,3,Detractor
1455,20250109,690,2,7,Passive
1456,20240211,254,1,7,Passive
1457,20240820,639,2,8,Passive
1458,20241114,1257,2,10,Promoter
1459,20241029,1322,2,7,Passive
1460,20250214,1418,2,9,Promoter
1461,20250908,1163,1,5,Detractor
1462,20241203,1237,1,7,Passive
1463,20241124,1313,1,10,Promoter
1464,20240713,558,2,7,Passive
1465,20250407,806,2,8,Passive
1466,20240605,362,1,9,Promoter
1467,20250616,8,1,7,Passive
1468,20241122,54,2,5,Detractor
1469,20240330,554,2,3,Detractor
1470,20250314,1409,1,9,Promoter
1471,20241005,259,2,6,Detractor
1472,20240405,1397,1,9,Promoter
1473,20250522,1378,2,10,Promoter
1474,20240924,1170,2,8,Passive
1475,20250829,224,2,10,Promoter
1476,20241030,1127,1,7,Passive
1477,20240603,1321,2,9,Promoter
1478,20241030,1371,2,6,Detractor
1479,20240716,726,1,8,Passive
1480,20241205,874,2,4,Detractor
1481,20241119,370,2,5,Detractor
1482,20240402,712,1,9,Promoter
1483,20241217,1315,2,9,Promoter
1484,20240413,1494,2,6,Detractor
1485,20240430,578,1,8,Passive
1486,20250721,380,2,8,Passive
1487,20241114,969,1,7,Passive
1488,20240723,233,2,7,Passive
1489,20240204,1027,2,7,Passive
1490,20250704,130,1,10,Promoter
1491,20251007,688,1,10,Promoter
1492,20241029,415,2,7,Passive
1493,20240908,691,2,1,Detractor
1494,20240518,254,1,9,Promoter
1495,20250415,966,1,10,Promoter
1496,20250916,516,2,9,Promoter
1497,20240304,40,1,6,Detractor
1498,20250502,28,2,9,Promoter
1499,20240212,464,2,8,Passive
1500,20241028,1244,1,10,Promoter
1501,20250408,904,2,10,Promoter
1502,20250719,371,1,8,Passive
1503,20241214,385,2,9,Promoter
1504,20250311,655,1,7,Passive
1505,20240909,973,2,10,Promoter
1506,20250314,159,1,3,Detractor
1507,20240219,325,2,9,Promoter
1508,20240511,908,1,7,Passive
1509,20240512,1022,1,10,Promoter
1510,20240731,410,2,10,Promoter
1511,20240623,743,2,8,Passive
1512,20250422,937,1,8,Passive
1513,20250321,1301,1,10,Promoter
1514,20241019,1313,1,5,Detractor
1515,20250610,1245,2,10,Promoter
1516,20240820,519,1,10,Promoter
1517,20250213,832,1,0,Detractor
1518,20240430,37,1,2,Detractor
1519,20250524,602,2,10,Promoter
1520,20241226,621,2,2,Detractor
1521,20240503,369,2,8,Passive
1522,20241118,890,2,7,Passive
1523,20240917,334,1,8,Passive
1524,20241216,347,1,8,Passive
1525,20240513,1138,1,10,Promoter
1526,20240514,1271,1,8,Passive
1527,20250916,509,1,4,Detractor
1528,20240217,1409,1,7,Passive
1529,20240410,875,2,6,Detractor
1530,20250130,867,2,8,Passive
1531,20241124,111,1,5,Detractor
1532,20250326,1486,1,8,Passive
1533,20250819,1084,2,10,Promoter
1534,20250407,780,2,8,Passive
1535,20241219,1037,1,1,Detractor
1536,20240221,592,1,5,Detractor
1537,20250918,1010,1,10,Promoter
1538,20250512,1292,1,3,Detractor
1539,20240309,594,1,5,Detractor
1540,20240405,1453,1,9,Promoter
1541,20240214,119,1,10,Promoter
1542,20240830,488,2,1,Detractor
1543,20250405,32,2,3,Detractor
1544,20240414,1340,1,3,Detractor
1545,20241121,783,1,9,Promoter
1546,20241216,72,2,8,Passive
1547,20240804,403,2,2,Detractor
1548,20240116,890,2,9,Promoter
1549,20240919,992,2,8,Passive
1550,20241221,538,2,6,Detractor
1551,20240417,262,1,9,Promoter
1552,20250906,1256,2,8,Passive
1553,20250327,704,1,9,Promoter
1554,20250402,417,2,9,Promoter
1555,20250626,984,1,9,Promoter
1556,20250518,768,1,7,Passive
1557,20250908,615,1,9,Promoter
1558,20240809,995,1,6,Detractor
1559,20250326,56,2,6,Detractor
1560,20240809,1440,1,7,Passive
1561,20250802,832,1,8,Passive
1562,20241210,217,2,10,Promoter
1563,20240822,1323,2,9,Promoter
1564,20250212,803,1,8,Passive
1565,20250108,512,1,10,Promoter
1566,20240903,952,2,10,Promoter
1567,20250213,1433,1,10,Promoter
1568,20250510,824,2,9,Promoter
1569,20241207,384,1,7,Passive
1570,20240910,1029,2,8,Passive
1571,20250228,297,2,8,Passive
1572,20250504,1101,1,6,Detractor
1573,20240410,464,2,2,Detractor
1574,20241101,727,1,7,Passive
1575,20240207,71,1,8,Passive
1576,20240401,520,2,8,Passive
1577,20250109,930,1,9,Promoter
1578,20250503,447,1,8,Passive
1579,20241121,900,1,8,Passive
1580,20250411,304,1,8,Passive
1581,20250911,954,2,8,Passive
1582,20250507,765,1,5,Detractor
1583,20250902,731,1,5,Detractor
1584,20250923,938,1,7,Passive
1585,20250728,105,1,3,Detractor
1586,20250825,1346,1,7,Passive
1587,20240730,563,2,5,Detractor
1588,20250511,41,1,7,Passive
1589,20240408,947,1,7,Passive
1590,20240717,1259,2,9,Promoter
1591,20250102,110,1,7,Passive
1592,20240611,375,2,6,Detractor
1593,20250123,229,1,5,Detractor
1594,20240825,425,1,8,Passive
1595,20250203,1452,2,9,Promoter
1596,20250225,366,1,10,Promoter
1597,20241009,983,2,9,Promoter
1598,20241010,1418,2,10,Promoter
1599,20250130,943,1,10,Promoter
1600,20250707,1162,1,10,Promoter
1601,20240224,117,2,10,Promoter
1602,20240613,68,1,9,Promoter
1603,20250808,763,1,10,Promoter
1604,20240123,45,1,8,Passive
1605,20240515,930,1,10,Promoter
1606,20240318,743,1,3,Detractor
1607,20250317,578,2,7,Passive
1608,20250315,1409,2,8,Passive
1609,20240828,831,2,9,Promoter
1610,20250404,862,2,9,Promoter
1611,20240305,391,1,5,Detractor
1612,20240619,1044,1,9,Promoter
1613,20241004,539,2,8,Passive
1614,20250205,758,2,8,Passive
1615,20240407,616,2,5,Detractor
1616,20250509,1281,1,8,Passive
1617,20250710,1029,2,9,Promoter
1618,20250917,160,1,10,Promoter
1619,20241127,1004,2,9,Promoter
1620,20241103,522,2,9,Promoter
1621,20250702,474,1,8,Passive
1622,20240729,809,2,3,Detractor
1623,20250127,1000,2,6,Detractor
1624,20240804,657,1,10,Promoter
1625,20250328,1183,1,8,Passive
1626,20250922,549,2,9,Promoter
1627,20240211,1483,1,10,Promoter
1628,20240605,958,1,8,Passive
1629,20240706,13,2,10,Promoter
1630,20250822,810,1,10,Promoter
1631,20240717,1336,1,5,Detractor
1632,20240411,672,1,5,Detractor
1633,20240716,445,1,8,Passive
1634,20250531,1127,2,6,Detractor
1635,20241007,604,1,8,Passive
1636,20250112,433,1,7,Passive
1637,20251003,1234,1,5,Detractor
1638,20240615,70,1,6,Detractor
1639,20250824,540,1,9,Promoter
1640,20250224,606,1,6,Detractor
1641,20250303,1351,2,9,Promoter
1642,20250106,714,1,10,Promoter
1643,20241124,1011,2,7,Passive
1644,20250409,349,2,10,Promoter
1645,20240210,422,2,9,Promoter
1646,20240327,972,2,8,Passive
1647,20240901,1008,2,8,Passive
1648,20241125,14,1,2,Detractor
1649,20240620,1124,1,7,Passive
1650,20241117,976,2,9,Promoter
1651,20250221,1434,1,8,Passive
1652,20240904,1388,2,7,Passive
1653,20250519,1326,2,9,Promoter
1654,20250814,1296,1,8,Passive
1655,20250906,1414,1,7,Passive
1656,20240312,751,2,7,Passive
1657,20241013,825,2,10,Promoter
1658,20241225,1199,2,8,Passive
1659,20240921,955,1,7,Passive
1660,20240829,433,2,7,Passive
1661,20240301,1431,1,5,Detractor
1662,20251004,1274,1,6,Detractor
1663,20240114,1323,1,2,Detractor
1664,20240513,712,1,3,Detractor
1665,20241005,62,1,10,Promoter
1666,20241119,269,2,4,Detractor
1667,20241011,1214,1,8,Passive
1668,20250225,242,2,4,Detractor
1669,20240630,118,1,8,Passive
1670,20250215,375,1,9,Promoter
1671,20250302,597,2,7,Passive
1672,20250711,928,1,8,Passive
1673,20240202,388,2,9,Promoter
1674,20240426,1141,1,6,Detractor
1675,20250413,1358,2,8,Passive
1676,20240226,882,2,8,Passive
1677,20250802,402,1,7,Passive
1678,20240229,542,1,9,Promoter
1679,20241129,901,1,9,Promoter
1680,20240614,386,1,7,Passive
1681,20250329,1359,2,7,Passive
1682,20240617,371,1,9,Promoter
1683,20240626,511,1,7,Passive
1684,20240717,852,1,9,Promoter
1685,20250804,668,1,9,Promoter
1686,20250831,999,2,8,Passive
1687,20240920,380,1,10,Promoter
1688,20250117,1485,2,1,Detractor
1689,20240323,1302,1,8,Passive
1690,20250420,1319,1,6,Detractor
1691,20240115,196,1,7,Passive
1692,20250928,343,2,6,Detractor
1693,20241230,518,2,9,Promoter
1694,20240318,414,2,9,Promoter
1695,20250616,415,2,9,Promoter
1696,20250811,1372,1,8,Passive
1697,20240316,995,1,7,Passive
1698,20250707,487,1,3,Detractor
1699,20240309,279,1,8,Passive
1700,20240508,1176,1,8,Passive
1701,20241128,1166,2,9,Promoter
1702,20241001,996,2,8,Passive
1703,20240602,746,1,5,Detractor
1704,20250927,1048,1,7,Passive
1705,20240109,1042,2,4,Detractor
1706,20250830,433,1,7,Passive
1707,20250618,671,1,10,Promoter
1708,20250829,347,1,10,Promoter
1709,20240901,878,1,1,Detractor
1710,20240129,1432,1,2,Detractor
1711,20250827,160,2,8,Passive
1712,20250528,339,1,9,Promoter
1713,20250425,119,1,1,Detractor
1714,20241105,462,2,9,Promoter
1715,20250803,744,1,7,Passive
1716,20240328,760,2,6,Detractor
1717,20240725,189,2,7,Passive
1718,20240426,720,1,7,Passive
1719,20240903,1034,2,9,Promoter
1720,20250806,1346,2,3,Detractor
1721,20250902,1281,1,8,Passive
1722,20241225,463,1,4,Detractor
1723,20240207,665,2,0,Detractor
1724,20250318,42,1,9,Promoter
1725,20241118,24,1,8,Passive
1726,20241126,1004,1,7,Passive
1727,20240125,1220,2,9,Promoter
1728,20250419,794,1,7,Passive
1729,20240219,184,2,9,Promoter
1730,20240627,78,2,7,Passive
1731,20250218,246,1,8,Passive
1732,20240324,519,1,5,Detractor
1733,20250609,569,1,7,Passive
1734,20241020,721,2,8,Passive
1735,20240515,234,2,10,Promoter
1736,20240904,355,2,9,Promoter
1737,20250908,1477,1,4,Detractor
1738,20250526,292,1,2,Detractor
1739,20250807,829,2,5,Detractor
1740,20240409,637,1,3,Detractor
1741,20240322,481,1,7,Passive
1742,20250321,117,2,10,Promoter
1743,20250603,427,1,0,Detractor
1744,20250130,971,1,7,Passive
1745,20241124,891,1,7,Passive
1746,20250312,1400,2,8,Passive
1747,20240814,1360,1,2,Detractor
1748,20240610,1227,1,6,Detractor
1749,20240925,581,1,2,Detractor
1750,20240424,884,2,8,Passive
1751,20250906,609,2,8,Passive
1752,20250409,500,2,6,Detractor
1753,20241010,325,2,10,Promoter
1754,20240313,848,1,10,Promoter
1755,20241009,1116,1,8,Passive
1756,20250916,1251,2,8,Passive
1757,20241119,1439,2,2,Detractor
1758,20240911,900,2,7,Passive
1759,20240903,434,1,10,Promoter
1760,20250730,134,2,10,Promoter
1761,20251007,131,2,9,Promoter
1762,20250304,547,2,6,Detractor
1763,20240831,946,1,3,Detractor
1764,20250110,1267,1,10,Promoter
1765,20240408,331,2,10,Promoter
1766,20250723,44,1,3,Detractor
1767,20240402,1194,2,9,Promoter
1768,20250609,734,1,6,Detractor
1769,20240829,543,2,9,Promoter
1770,20250324,140,1,8,Passive
1771,20241001,474,2,6,Detractor
1772,20240119,1038,1,9,Promoter
1773,20240614,925,2,3,Detractor
1774,20240402,301,2,1,Detractor
1775,20241214,750,2,10,Promoter
1776,20240705,828,1,10,Promoter
1777,20241009,1174,1,6,Detractor
1778,20240529,882,2,10,Promoter
1779,20241217,1440,1,7,Passive
1780,20240909,422,1,6,Detractor
1781,20240518,505,1,10,Promoter
1782,20240407,105,2,4,Detractor
1783,20240507,524,1,4,Detractor
1784,20241120,220,2,0,Detractor
1785,20250124,737,1,9,Promoter
1786,20240428,68,1,8,Passive
1787,20241123,975,1,4,Detractor
1788,20250108,12,2,5,Detractor
1789,20240507,1284,2,9,Promoter
1790,20240707,326,1,9,Promoter
1791,20250217,1098,2,9,Promoter
1792,20240814,727,2,8,Passive
1793,20240414,521,2,3,Detractor
1794,20240923,5,2,6,Detractor
1795,20241101,1079,1,9,Promoter
1796,20250702,971,1,1,Detractor
1797,20250611,841,2,8,Passive
1798,20240613,1327,2,6,Detractor
1799,20250301,435,1,8,Passive
1800,20240416,376,2,8,Passive
1801,20240328,88,1,6,Detractor
1802,20250425,299,2,6,Detractor
1803,20240606,687,2,10,Promoter
1804,20250908,476,2,4,Detractor
1805,20240806,1013,1,3,Detractor
1806,20250802,578,1,8,Passive
1807,20250408,32,1,8,Passive
1808,20241115,213,2,3,Detractor
1809,20250331,766,2,6,Detractor
1810,20250920,509,1,8,Passive
1811,20240906,725,2,2,Detractor
1812,20241220,3,2,10,Promoter
1813,20241123,1003,2,8,Passive
1814,20240924,825,1,3,Detractor
1815,20250825,458,1,6,Detractor
1816,20250821,1342,1,8,Passive
1817,20240729,1391,2,4,Detractor
1818,20250527,1246,2,8,Passive
1819,20250702,719,1,3,Detractor
1820,20250121,209,1,8,Passive
1821,20250401,71,2,8,Passive
1822,20240914,156,2,9,Promoter
1823,20240324,1148,1,9,Promoter
1824,20240122,1184,2,7,Passive
1825,20240214,1116,1,7,Passive
1826,20250410,623,2,6,Detractor
1827,20250131,1330,1,9,Promoter
1828,20240208,370,1,4,Detractor
1829,20240324,566,1,7,Passive
1830,20240323,93,2,10,Promoter
1831,20250120,814,1,1,Detractor
1832,20251007,247,1,9,Promoter
1833,20250527,1286,2,1,Detractor
1834,20240726,1290,2,9,Promoter
1835,20240922,1222,2,8,Passive
1836,20241001,736,2,10,Promoter
1837,20250409,1135,1,8,Passive
1838,20250225,3,2,10,Promoter
1839,20241028,997,1,9,Promoter
1840,20240511,957,1,6,Detractor
1841,20250406,1455,2,1,Detractor
1842,20250126,918,1,9,Promoter
1843,20240516,69,1,10,Promoter
1844,20250610,663,1,6,Detractor
1845,20250302,209,1,3,Detractor
1846,20250803,71,2,9,Promoter
1847,20240428,758,1,3,Detractor
1848,20241111,549,2,2,Detractor
1849,20250525,1099,1,5,Detractor
1850,20240222,26,2,9,Promoter
1851,20240417,1176,2,9,Promoter
1852,20240921,436,1,7,Passive
1853,20240304,562,1,7,Passive
1854,20240826,487,2,8,Passive
1855,20241013,1253,1,8,Passive
1856,20250730,1466,1,9,Promoter
1857,20250630,348,2,2,Detractor
1858,20250420,472,1,8,Passive
1859,20250426,900,1,10,Promoter
1860,20250327,296,1,8,Passive
1861,20250323,514,2,8,Passive
1862,20250516,672,2,8,Passive
1863,20240504,564,2,8,Passive
1864,20240321,541,2,5,Detractor
1865,20250214,194,1,5,Detractor
1866,20241117,169,1,8,Passive
1867,20250909,793,2,6,Detractor
1868,20250623,189,2,8,Passive
1869,20241215,1371,2,8,Passive
1870,20250521,863,2,5,Detractor
1871,20241006,250,1,8,Passive
1872,20240702,296,2,8,Passive
1873,20240124,548,2,9,Promoter
1874,20240701,1224,1,9,Promoter
1875,20241008,1051,1,6,Detractor
1876,20250119,706,2,9,Promoter
1877,20240328,205,1,8,Passive
1878,20240803,384,1,10,Promoter
1879,20240317,426,2,10,Promoter
1880,20241113,144,2,5,Detractor
1881,20240513,324,1,9,Promoter
1882,20241104,417,1,9,Promoter
1883,20240927,15,1,9,Promoter
1884,20241106,577,1,2,Detractor
1885,20240531,172,2,6,Detractor
1886,20250409,1414,2,10,Promoter
1887,20250309,570,1,1,Detractor
1888,20250612,327,1,7,Passive
1889,20240518,1287,1,7,Passive
1890,20251007,446,1,3,Detractor
1891,20240325,1270,1,9,Promoter
1892,20250605,1294,1,4,Detractor
1893,20250125,233,2,10,Promoter
1894,20250605,793,1,6,Detractor
1895,20240218,949,1,2,Detractor
1896,20250304,1469,2,7,Passive
1897,20250702,176,2,1,Detractor
1898,20250802,1393,2,0,Detractor
1899,20250318,831,2,5,Detractor
1900,20241014,245,1,7,Passive
1901,20250103,293,2,7,Passive
1902,20250715,779,1,3,Detractor
1903,20250814,30,1,8,Passive
1904,20240911,253,1,8,Passive
1905,20240510,1065,1,9,Promoter
1906,20250831,124,1,9,Promoter
1907,20240521,1026,1,9,Promoter
1908,20250729,1238,1,5,Detractor
1909,20250501,59,2,10,Promoter
1910,20241226,204,2,10,Promoter
1911,20240328,775,1,8,Passive
1912,20240921,584,1,0,Detractor
1913,20241004,1202,2,9,Promoter
1914,20240727,1333,1,6,Detractor
1915,20240520,6,2,6,Detractor
1916,20240419,1315,1,10,Promoter
1917,20250527,733,1,10,Promoter
1918,20250131,1002,1,7,Passive
1919,20250906,498,2,6,Detractor
1920,20250406,979,1,8,Passive
1921,20240703,880,1,5,Detractor
1922,20250109,459,2,10,Promoter
1923,20250108,956,2,6,Detractor
1924,20240704,685,1,10,Promoter
1925,20240722,489,2,10,Promoter
1926,20250705,798,1,10,Promoter
1927,20250610,757,2,8,Passive
1928,20240221,930,1,4,Detractor
1929,20241102,725,1,7,Passive
1930,20250831,173,1,2,Detractor
1931,20240717,1265,1,10,Promoter
1932,20240621,724,1,8,Passive
1933,20250420,302,2,10,Promoter
1934,20250515,817,2,7,Passive
1935,20250526,425,1,5,Detractor
1936,20240221,1039,1,10,Promoter
1937,20250521,1278,1,1,Detractor
1938,20250216,1151,1,6,Detractor
1939,20241115,181,1,9,Promoter
1940,20241104,690,1,10,Promoter
1941,20240119,1120,2,6,Detractor
1942,20250117,423,2,6,Detractor
1943,20241006,1109,2,10,Promoter
1944,20240415,224,2,8,Passive
1945,20240329,1457,2,10,Promoter
1946,20240405,22,2,4,Detractor
1947,20250129,743,2,9,Promoter
1948,20241103,1123,1,10,Promoter
1949,20250917,1065,1,9,Promoter
1950,20240313,1278,1,6,Detractor
1951,20240620,779,2,0,Detractor
1952,20250424,498,1,9,Promoter
1953,20250716,171,2,5,Detractor
1954,20240608,1483,1,10,Promoter
1955,20240504,1355,1,6,Detractor
1956,20250814,1018,1,8,Passive
1957,20240623,1449,2,7,Passive
1958,20250502,818,2,6,Detractor
1959,20240410,701,1,9,Promoter
1960,20240623,584,2,9,Promoter
1961,20250502,1193,1,2,Detractor
1962,20250323,266,1,10,Promoter
1963,20241219,19,1,7,Passive
1964,20250901,1437,2,8,Passive
1965,20240123,814,2,9,Promoter
1966,20240614,657,1,7,Passive
1967,20240209,1215,2,9,Promoter
1968,20240806,1281,2,2,Detractor
1969,20250630,590,1,1,Detractor
1970,20250902,884,2,7,Passive
1971,20250305,403,1,7,Passive
1972,20250310,894,2,10,Promoter
1973,20240517,615,2,7,Passive
1974,20241210,1133,1,3,Detractor
1975,20250918,1358,2,3,Detractor
1976,20241219,934,2,2,Detractor
1977,20250611,252,2,7,Passive
1978,20250723,1320,1,8,Passive
1979,20241205,680,1,8,Passive
1980,20240415,41,2,0,Detractor
1981,20240828,28,1,0,Detractor
1982,20240914,1186,1,3,Detractor
1983,20250516,378,2,8,Passive
1984,20250103,1342,2,9,Promoter
1985,20250915,1311,1,10,Promoter
1986,20240504,805,1,9,Promoter
1987,20250928,801,1,9,Promoter
1988,20240813,422,2,10,Promoter
1989,20240408,875,1,0,Detractor
1990,20250825,1387,2,8,Passive
1991,20241002,353,1,8,Passive
1992,20250724,1014,2,7,Passive
1993,20240212,781,1,4,Detractor
1994,20250130,1134,1,9,Promoter
1995,20241128,1467,1,5,Detractor
1996,20250202,928,1,8,Passive
1997,20241010,1455,1,8,Passive
1998,20250203,895,2,8,Passive
1999,20241209,1200,2,8,Passive
2000,20250412,150,1,0,Detractor
2001,20250206,1053,2,5,Detractor
2002,20240818,1475,1,4,Detractor
2003,20250417,761,1,8,Passive
2004,20241218,1224,1,10,Promoter
2005,20241102,1446,1,8,Passive
2006,20241016,1168,1,7,Passive
2007,20250106,926,1,9,Promoter
2008,20240817,1474,1,3,Detractor
2009,20240613,24,1,5,Detractor
2010,20241027,431,2,8,Passive
2011,20241011,662,1,9,Promoter
2012,20240408,1374,2,6,Detractor
2013,20240809,552,1,8,Passive
2014,20250710,1302,2,8,Passive
2015,20250624,555,1,7,Passive
2016,20241107,1289,2,7,Passive
2017,20250815,851,2,8,Passive
2018,20250925,1418,1,9,Promoter
2019,20250519,935,1,10,Promoter
2020,20250320,834,2,7,Passive
2021,20250124,663,1,9,Promoter
2022,20250114,245,2,7,Passive
2023,20241122,391,2,4,Detractor
2024,20240822,1111,2,10,Promoter
2025,20250403,1384,1,9,Promoter
2026,20240130,727,2,8,Passive
2027,20250602,735,1,9,Promoter
2028,20240928,1233,1,10,Promoter
2029,20250726,238,1,7,Passive
2030,20240110,308,2,8,Passive
2031,20241102,1145,2,10,Promoter
2032,20240306,1359,1,8,Passive
2033,20250425,1440,1,9,Promoter
2034,20240818,1347,1,8,Passive
2035,20250613,1048,2,7,Passive
2036,20250716,475,1,9,Promoter
2037,20250107,208,2,6,Detractor
2038,20250929,1477,1,4,Detractor
2039,20250512,1029,1,9,Promoter
2040,20241020,33,2,7,Passive
2041,20250923,902,1,3,Detractor
2042,20241129,1032,1,9,Promoter
2043,20250127,915,1,6,Detractor
2044,20250925,987,1,7,Passive
2045,20240322,675,1,9,Promoter
2046,20250620,335,2,8,Passive
2047,20240527,332,1,8,Passive
2048,20250426,1465,2,5,Detractor
2049,20241225,814,1,9,Promoter
2050,20241015,586,1,10,Promoter
2051,20241003,1012,1,8,Passive
2052,20240417,1383,2,9,Promoter
2053,20240417,951,1,8,Passive
2054,20250221,448,1,5,Detractor
2055,20241101,123,1,9,Promoter
2056,20240319,1044,1,6,Detractor
2057,20250109,264,2,2,Detractor
2058,20241030,205,1,7,Passive
2059,20240803,1297,1,10,Promoter
2060,20240125,125,1,8,Passive
2061,20241209,352,1,10,Promoter
2062,20250829,1360,2,2,Detractor
2063,20241113,455,1,9,Promoter
2064,20240815,1430,2,7,Passive
2065,20240331,289,2,10,Promoter
2066,20250511,221,1,8,Passive
2067,20250504,465,1,7,Passive
2068,20240421,601,2,9,Promoter
2069,20250403,757,1,7,Passive
2070,20240326,1448,1,9,Promoter
2071,20240817,447,1,9,Promoter
2072,20240511,281,1,9,Promoter
2073,20241019,179,2,7,Passive
2074,20250920,152,1,0,Detractor
2075,20250405,1272,2,6,Detractor
2076,20250508,299,1,7,Passive
2077,20241112,707,1,9,Promoter
2078,20240407,685,1,4,Detractor
2079,20240623,45,2,8,Passive
2080,20240717,279,2,7,Passive
2081,20241101,1128,2,6,Detractor
2082,20240814,596,1,2,Detractor
2083,20240603,1256,2,10,Promoter
2084,20241115,88,1,10,Promoter
2085,20240817,1147,2,10,Promoter
2086,20250418,715,2,8,Passive
2087,20250728,658,1,10,Promoter
2088,20241216,902,1,10,Promoter
2089,20240717,274,1,6,Detractor
2090,20250425,775,2,10,Promoter
2091,20241019,373,1,10,Promoter
2092,20250901,939,1,10,Promoter
2093,20241109,652,2,9,Promoter
2094,20250522,1224,1,8,Passive
2095,20250327,714,1,7,Passive
2096,20250830,946,2,10,Promoter
2097,20240514,1110,1,8,Passive
2098,20240514,749,1,7,Passive
2099,20241016,1402,2,2,Detractor
2100,20240610,284,1,9,Promoter
2101,20241022,679,1,8,Passive
2102,20240506,648,2,8,Passive
2103,20241230,1297,2,8,Passive
2104,20240727,731,1,8,Passive
2105,20251004,292,2,9,Promoter
2106,20250424,1252,1,5,Detractor
2107,20240213,1340,1,8,Passive
2108,20250831,1129,2,7,Passive
2109,20250222,446,1,10,Promoter
2110,20240921,1111,1,6,Detractor
2111,20241215,692,1,8,Passive
2112,20251010,1456,1,8,Passive
2113,20250603,1430,1,8,Passive
2114,20241208,1347,2,9,Promoter
2115,20250223,333,1,10,Promoter
2116,20240201,1454,1,6,Detractor
2117,20240919,505,1,7,Passive
2118,20250531,926,2,8,Passive
2119,20250613,1067,1,8,Passive
2120,20240419,590,1,6,Detractor
2121,20240612,4,2,0,Detractor
2122,20250921,250,2,6,Detractor
2123,20240216,724,1,9,Promoter
2124,20250317,965,2,7,Passive
2125,20250325,110,1,10,Promoter
2126,20250614,294,1,8,Passive
2127,20241103,1378,2,8,Passive
2128,20241202,757,1,8,Passive
2129,20240203,979,2,8,Passive
2130,20240802,1034,1,8,Passive
2131,20241108,1453,1,2,Detractor
2132,20240713,165,2,5,Detractor
2133,20240515,1296,2,3,Detractor
2134,20251004,27,2,8,Passive
2135,20240406,540,2,5,Detractor
2136,20241122,615,1,6,Detractor
2137,20240608,758,2,4,Detractor
2138,20240630,554,1,1,Detractor
2139,20250816,537,1,4,Detractor
2140,20240929,1170,1,9,Promoter
2141,20250828,1130,1,7,Passive
2142,20250304,711,2,10,Promoter
2143,20250125,889,2,2,Detractor
2144,20241129,618,1,6,Detractor
2145,20250429,1236,1,9,Promoter
2146,20250604,552,1,9,Promoter
2147,20240807,180,1,9,Promoter
2148,20250803,619,1,6,Detractor
2149,20240628,627,2,9,Promoter
2150,20240216,711,1,7,Passive
2151,20240821,457,1,8,Passive
2152,20250616,679,1,10,Promoter
2153,20240910,1485,1,8,Passive
2154,20250915,642,1,4,Detractor
2155,20241128,809,1,4,Detractor
2156,20241222,809,2,2,Detractor
2157,20250826,1326,1,8,Passive
2158,20251002,1322,1,5,Detractor
2159,20240223,39,2,9,Promoter
2160,20250323,393,1,8,Passive
2161,20240505,616,1,2,Detractor
2162,20240302,1149,2,9,Promoter
2163,20250608,193,2,10,Promoter
2164,20241125,634,2,3,Detractor
2165,20240616,34,2,3,Detractor
2166,20250222,468,1,10,Promoter
2167,20250923,441,1,10,Promoter
2168,20250220,77,2,7,Passive
2169,20250126,580,1,10,Promoter
2170,20250307,512,1,9,Promoter
2171,20250406,773,2,7,Passive
2172,20240418,215,1,7,Passive
2173,20240528,1150,2,5,Detractor
2174,20250907,781,2,7,Passive
2175,20250228,6,2,7,Passive
2176,20250506,956,1,6,Detractor
2177,20241021,665,1,8,Passive
2178,20250521,680,1,7,Passive
2179,20240909,1311,2,1,Detractor
2180,20250607,644,1,8,Passive
2181,20240715,1149,1,8,Passive
2182,20250511,945,2,4,Detractor
2183,20241217,506,1,10,Promoter
2184,20240207,1374,1,7,Passive
2185,20240425,216,1,10,Promoter
2186,20240122,520,1,8,Passive
2187,20240728,328,2,10,Promoter
2188,20250327,1110,1,7,Passive
2189,20240325,704,1,3,Detractor
2190,20250106,326,1,10,Promoter
2191,20250317,971,2,10,Promoter
2192,20250423,991,1,8,Passive
2193,20250105,975,1,7,Passive
2194,20250323,677,1,6,Detractor
2195,20250227,527,2,8,Passive
2196,20250427,1054,1,10,Promoter
2197,20240413,1336,1,10,Promoter
2198,20250920,889,1,7,Passive
2199,20250215,256,1,7,Passive
2200,20240908,242,1,8,Passive
2201,20240624,244,1,10,Promoter
2202,20240321,706,1,10,Promoter
2203,20240706,1169,1,8,Passive
2204,20250122,618,2,6,Detractor
2205,20240814,1404,1,9,Promoter
2206,20250109,1462,2,1,Detractor
2207,20241009,525,1,10,Promoter
2208,20240114,574,1,4,Detractor
2209,20250422,681,1,0,Detractor
2210,20240426,748,1,3,Detractor
2211,20240422,1266,1,5,Detractor
2212,20250908,293,1,9,Promoter
2213,20251002,555,2,5,Detractor
2214,20240123,560,1,10,Promoter
2215,20241114,1021,2,10,Promoter
2216,20250203,201,1,9,Promoter
2217,20250718,1458,1,3,Detractor
2218,20250208,528,1,1,Detractor
2219,20240623,919,1,9,Promoter
2220,20250907,445,1,2,Detractor
2221,20250211,1368,2,8,Passive
2222,20240612,529,1,8,Passive
2223,20240904,1186,2,10,Promoter
2224,20241013,164,2,7,Passive
2225,20250405,204,1,5,Detractor
2226,20250624,164,2,8,Passive
2227,20240226,253,2,10,Promoter
2228,20250702,1155,2,9,Promoter
2229,20250721,193,1,5,Detractor
2230,20250808,778,1,8,Passive
2231,20240809,593,1,10,Promoter
2232,20240805,772,2,4,Detractor
2233,20241106,32,2,7,Passive
2234,20240305,961,1,7,Passive
2235,20240829,1062,1,9,Promoter
2236,20240625,700,1,7,Passive
2237,20250125,376,2,3,Detractor
2238,20240316,866,1,8,Passive
2239,20240717,136,2,5,Detractor
2240,20240506,888,2,9,Promoter
2241,20240128,1255,1,9,Promoter
2242,20240428,601,1,9,Promoter
2243,20250411,204,1,7,Passive
2244,20240624,859,2,8,Passive
2245,20240624,1029,1,5,Detractor
2246,20240321,447,2,8,Passive
2247,20250507,239,1,7,Passive
2248,20240719,101,1,4,Detractor
2249,20241123,1263,2,9,Promoter
2250,20240324,881,2,6,Detractor
2251,20241229,360,2,7,Passive
2252,20240909,1373,2,3,Detractor
2253,20240825,843,1,9,Promoter
2254,20241113,307,1,9,Promoter
2255,20250803,1162,1,5,Detractor
2256,20250505,708,2,8,Passive
2257,20250113,1034,1,4,Detractor
2258,20250415,1492,1,4,Detractor
2259,20250314,1388,1,10,Promoter
2260,20240708,262,1,9,Promoter
2261,20250626,1188,1,10,Promoter
2262,20240311,678,1,9,Promoter
2263,20250624,546,2,8,Passive
2264,20250303,1206,1,8,Passive
2265,20250425,27,2,10,Promoter
2266,20250808,184,2,7,Passive
2267,20241209,536,1,8,Passive
2268,20240203,1350,1,10,Promoter
2269,20241020,542,1,9,Promoter
2270,20250529,1151,1,10,Promoter
2271,20250821,1471,2,7,Passive
2272,20240520,672,2,6,Detractor
2273,20250212,1259,2,10,Promoter
2274,20250922,1396,1,8,Passive
2275,20240527,284,1,8,Passive
2276,20240923,183,1,7,Passive
2277,20240315,1353,1,4,Detractor
2278,20250827,978,2,10,Promoter
2279,20241003,1244,1,2,Detractor
2280,20240729,1430,1,9,Promoter
2281,20240515,1218,2,8,Passive
2282,20250915,574,1,9,Promoter
2283,20240506,1287,2,7,Passive
2284,20240328,230,1,9,Promoter
2285,20250704,314,2,6,Detractor
2286,20240423,203,2,8,Passive
2287,20240121,980,1,7,Passive
2288,20250422,37,1,8,Passive
2289,20250519,1444,1,10,Promoter
2290,20240808,656,1,7,Passive
2291,20241221,731,1,3,Detractor
2292,20240911,1265,2,8,Passive
2293,20250529,896,1,5,Detractor
2294,20250707,372,1,9,Promoter
2295,20250111,1175,1,7,Passive
2296,20240406,302,2,10,Promoter
2297,20250320,436,2,9,Promoter
2298,20250515,1245,2,3,Detractor
2299,20240421,81,2,10,Promoter
2300,20240201,1268,1,8,Passive
2301,20240210,478,1,2,Detractor
2302,20240202,882,2,8,Passive
2303,20250322,673,2,10,Promoter
2304,20241206,1352,1,9,Promoter
2305,20241105,1495,1,10,Promoter
2306,20250210,760,2,8,Passive
2307,20240510,954,2,9,Promoter
2308,20250711,212,1,7,Passive
2309,20241210,1194,2,9,Promoter
2310,20250922,31,1,10,Promoter
2311,20240722,585,2,10,Promoter
2312,20241224,140,2,9,Promoter
2313,20241207,1096,2,7,Passive
2314,20241213,1468,1,9,Promoter
2315,20240111,1303,2,7,Passive
2316,20240710,917,2,6,Detractor
2317,20250815,153,1,9,Promoter
2318,20250215,1033,1,10,Promoter
2319,20240311,323,2,5,Detractor
2320,20250610,38,1,8,Passive
2321,20250807,1427,1,7,Passive
2322,20240714,451,2,7,Passive
2323,20240408,883,2,10,Promoter
2324,20241114,171,1,9,Promoter
2325,20241230,1161,1,4,Detractor
2326,20250813,1450,1,3,Detractor
2327,20240718,1079,2,8,Passive
2328,20250328,32,2,5,Detractor
2329,20240427,1468,2,8,Passive
2330,20250917,940,1,9,Promoter
2331,20241011,1290,1,10,Promoter
2332,20250812,339,2,10,Promoter
2333,20250606,555,2,8,Passive
2334,20240919,1048,1,6,Detractor
2335,20250630,1465,2,8,Passive
2336,20250421,700,1,8,Passive
2337,20250613,1280,2,8,Passive
2338,20250604,264,1,8,Passive
2339,20250310,1476,1,9,Promoter
2340,20250528,283,2,6,Detractor
2341,20240416,1034,1,7,Passive
2342,20250820,61,1,8,Passive
2343,20241012,1203,2,9,Promoter
2344,20240624,298,2,9,Promoter
2345,20240728,231,1,8,Passive
2346,20250902,141,1,5,Detractor
2347,20240120,918,2,9,Promoter
2348,20240409,494,2,9,Promoter
2349,20250109,483,1,6,Detractor
2350,20241008,1336,2,8,Passive
2351,20240207,541,1,9,Promoter
2352,20240916,904,1,10,Promoter
2353,20250810,1406,2,8,Passive
2354,20240612,945,2,10,Promoter
2355,20250530,892,2,9,Promoter
2356,20250623,1280,2,2,Detractor
2357,20250917,521,2,7,Passive
2358,20240429,1077,2,10,Promoter
2359,20250803,823,1,1,Detractor
2360,20240208,175,1,5,Detractor
2361,20250508,612,2,6,Detractor
2362,20251002,205,1,1,Detractor
2363,20240401,924,1,9,Promoter
2364,20240302,698,1,6,Detractor
2365,20240326,602,1,6,Detractor
2366,20250305,910,1,4,Detractor
2367,20250110,536,1,4,Detractor
2368,20250304,686,2,6,Detractor
2369,20241128,216,1,6,Detractor
2370,20241009,1296,1,7,Passive
2371,20240514,1176,1,10,Promoter
2372,20250926,396,1,7,Passive
2373,20240529,684,2,10,Promoter
2374,20250226,650,2,9,Promoter
2375,20250906,681,1,7,Passive
2376,20240703,892,1,4,Detractor
2377,20250125,681,2,8,Passive
2378,20240816,618,1,7,Passive
2379,20241210,1328,1,9,Promoter
2380,20240626,714,2,9,Promoter
2381,20240516,585,2,9,Promoter
2382,20240908,630,2,8,Passive
2383,20250424,832,2,8,Passive
2384,20240814,995,1,9,Promoter
2385,20240803,1347,2,8,Passive
2386,20250322,897,1,8,Passive
2387,20240420,732,2,10,Promoter
2388,20250816,1068,1,4,Detractor
2389,20240913,486,1,6,Detractor
2390,20240407,230,1,8,Passive
2391,20240529,389,1,8,Passive
2392,20241225,1217,1,5,Detractor
2393,20240126,598,2,7,Passive
2394,20250619,4,1,8,Passive
2395,20240422,543,2,9,Promoter
2396,20250302,1454,1,9,Promoter
2397,20240205,356,2,9,Promoter
2398,20240310,1243,1,8,Passive
2399,20250515,1345,1,9,Promoter
2400,20240815,1233,1,8,Passive
2401,20250913,905,2,8,Passive
2402,20241201,686,1,3,Detractor
2403,20240127,713,1,7,Passive
2404,20250301,498,1,9,Promoter
2405,20250521,375,1,10,Promoter
2406,20250609,816,1,7,Passive
2407,20250403,209,1,9,Promoter
2408,20240708,199,1,2,Detractor
2409,20240430,437,2,7,Passive
2410,20250529,415,2,4,Detractor
2411,20250830,1479,1,5,Detractor
2412,20240503,410,2,7,Passive
2413,20240908,657,2,7,Passive
2414,20250604,1032,1,9,Promoter
2415,20240718,1270,1,10,Promoter
2416,20250215,1408,1,10,Promoter
2417,20240818,682,2,2,Detractor
2418,20240205,447,1,7,Passive
2419,20240206,1398,2,9,Promoter
2420,20250804,530,2,9,Promoter
2421,20241112,849,2,8,Passive
2422,20250114,771,2,6,Detractor
2423,20240602,200,1,6,Detractor
2424,20250829,954,1,9,Promoter
2425,20251005,241,1,8,Passive
2426,20250124,1080,2,4,Detractor
2427,20240725,1071,2,6,Detractor
2428,20250606,481,1,8,Passive
2429,20250703,658,1,8,Passive
2430,20250819,302,1,2,Detractor
2431,20241026,472,2,5,Detractor
2432,20240530,1251,1,7,Passive
2433,20240312,1203,2,8,Passive
2434,20250402,598,2,7,Passive
2435,20250403,1378,2,8,Passive
2436,20250622,31,2,9,Promoter
2437,20250203,330,1,9,Promoter
2438,20240526,673,2,8,Passive
2439,20250327,659,1,9,Promoter
2440,20250323,211,1,2,Detractor
2441,20250410,506,1,9,Promoter
2442,20250222,1288,1,7,Passive
2443,20250710,1422,2,5,Detractor
2444,20240414,1011,1,2,Detractor
2445,20241204,154,2,5,Detractor
2446,20250223,914,1,6,Detractor
2447,20241125,1362,1,6,Detractor
2448,20241106,75,1,4,Detractor
2449,20250709,801,2,8,Passive
2450,20250525,1174,2,8,Passive
2451,20250107,560,1,7,Passive
2452,20250401,1286,1,9,Promoter
2453,20240501,866,1,8,Passive
2454,20240308,952,1,10,Promoter
2455,20240312,553,1,6,Detractor
2456,20250922,1238,1,0,Detractor
2457,20241125,683,2,10,Promoter
2458,20250812,598,1,9,Promoter
2459,20250701,1302,1,4,Detractor
2460,20240418,85,1,1,Detractor
2461,20250410,723,1,10,Promoter
2462,20241217,15,1,4,Detractor
2463,20241120,486,2,9,Promoter
2464,20250914,726,2,10,Promoter
2465,20250616,1348,1,8,Passive
2466,20250215,28,1,8,Passive
2467,20241031,113,1,10,Promoter
2468,20240119,1433,2,8,Passive
2469,20250524,479,1,7,Passive
2470,20240708,647,1,10,Promoter
2471,20241020,62,1,6,Detractor
2472,20240818,112,1,4,Detractor
2473,20250529,416,2,6,Detractor
2474,20240312,907,2,10,Promoter
2475,20241010,310,1,8,Passive
2476,20240724,889,1,3,Detractor
2477,20240802,339,1,7,Passive
2478,20240719,418,2,4,Detractor
2479,20250629,713,1,9,Promoter
2480,20240321,462,2,10,Promoter
2481,20250207,1091,1,7,Passive
2482,20240630,867,1,10,Promoter
2483,20250527,1237,1,10,Promoter
2484,20250716,1441,1,9,Promoter
2485,20250913,633,2,3,Detractor
2486,20250919,204,1,9,Promoter
2487,20240117,1234,1,9,Promoter
2488,20240824,201,2,5,Detractor
2489,20240813,1015,2,9,Promoter
2490,20250129,385,2,7,Passive
2491,20240828,1099,1,8,Passive
2492,20240528,728,1,10,Promoter
2493,20240513,1451,2,7,Passive
2494,20240119,358,1,5,Detractor
2495,20240630,856,2,10,Promoter
2496,20250619,3,1,10,Promoter
2497,20240809,732,1,9,Promoter
2498,20240507,1410,1,10,Promoter
2499,20241029,138,2,7,Passive
2500,20240306,243,2,10,Promoter
2501,20250902,32,1,8,Passive
2502,20240509,1280,2,9,Promoter
2503,20240813,345,1,8,Passive
2504,20241205,220,1,8,Passive
2505,20240724,1296,1,3,Detractor
2506,20240302,547,1,10,Promoter
2507,20240825,1169,2,7,Passive
2508,20241208,1217,2,7,Passive
2509,20241025,126,1,8,Passive
2510,20240320,843,1,10,Promoter
2511,20250215,1260,1,9,Promoter
2512,20241231,171,1,8,Passive
2513,20241024,889,2,7,Passive
2514,20240130,1012,2,4,Detractor
2515,20240614,1418,2,6,Detractor
2516,20250724,677,2,10,Promoter
2517,20250425,979,1,4,Detractor
2518,20250829,326,2,8,Passive
2519,20240201,522,2,10,Promoter
2520,20250111,1326,2,8,Passive
2521,20250908,228,1,8,Passive
2522,20250707,1093,2,6,Detractor
2523,20250322,587,1,8,Passive
2524,20241108,873,1,9,Promoter
2525,20240308,733,2,9,Promoter
2526,20241008,276,1,7,Passive
2527,20250915,1428,2,10,Promoter
2528,20240306,199,2,6,Detractor
2529,20250405,221,1,9,Promoter
2530,20240709,1015,2,10,Promoter
2531,20240518,6,1,6,Detractor
2532,20250515,1061,2,9,Promoter
2533,20241004,1271,1,10,Promoter
2534,20240419,619,1,5,Detractor
2535,20241006,698,2,7,Passive
2536,20241113,1484,1,9,Promoter
2537,20240322,1316,1,8,Passive
2538,20250205,1034,1,8,Passive
2539,20250420,790,2,7,Passive
2540,20250521,1399,2,5,Detractor
2541,20250207,1045,1,7,Passive
2542,20250810,59,2,9,Promoter
2543,20240729,244,1,9,Promoter
2544,20250704,408,1,9,Promoter
2545,20250506,259,2,4,Detractor
2546,20241011,960,2,9,Promoter
2547,20240709,878,2,9,Promoter
2548,20241124,584,1,1,Detractor
2549,20240729,397,1,6,Detractor
2550,20241015,167,2,9,Promoter
2551,20240116,1216,2,4,Detractor
2552,20241107,1271,1,1,Detractor
2553,20240805,1293,1,7,Passive
2554,20241031,223,2,4,Detractor
2555,20250818,201,2,6,Detractor
2556,20250707,342,1,7,Passive
2557,20240410,913,1,6,Detractor
2558,20250301,752,1,0,Detractor
2559,20240422,78,1,9,Promoter
2560,20240411,60,2,9,Promoter
2561,20240722,1254,1,7,Passive
2562,20240417,183,1,7,Passive
2563,20250818,591,2,5,Detractor
2564,20250606,849,1,9,Promoter
2565,20240513,1248,2,8,Passive
2566,20240112,741,2,6,Detractor
2567,20240610,1133,2,10,Promoter
2568,20241017,844,1,5,Detractor
2569,20240126,313,1,4,Detractor
2570,20240215,891,2,7,Passive
2571,20250202,195,1,4,Detractor
2572,20240814,642,1,8,Passive
2573,20241103,569,1,10,Promoter
2574,20250419,1237,1,9,Promoter
2575,20250504,1407,1,8,Passive
2576,20250201,1207,1,7,Passive
2577,20240907,1236,1,7,Passive
2578,20240207,1279,1,9,Promoter
2579,20250824,1439,1,8,Passive
2580,20250713,858,1,7,Passive
2581,20250330,1479,2,9,Promoter
2582,20250402,924,2,7,Passive
2583,20240424,382,2,8,Passive
2584,20250406,16,1,7,Passive
2585,20240719,862,1,8,Passive
2586,20251006,234,2,9,Promoter
2587,20240608,475,2,6,Detractor
2588,20240214,392,1,10,Promoter
2589,20250327,1141,1,6,Detractor
2590,20250911,183,1,2,Detractor
2591,20250130,524,1,10,Promoter
2592,20250620,690,1,8,Passive
2593,20240708,284,1,5,Detractor
2594,20240223,860,1,10,Promoter
2595,20240901,991,2,10,Promoter
2596,20250414,163,2,7,Passive
2597,20250521,1364,1,9,Promoter
2598,20240329,1233,2,9,Promoter
2599,20241209,1009,1,7,Passive
2600,20250214,822,1,3,Detractor
2601,20250425,1198,1,9,Promoter
2602,20240226,652,1,9,Promoter
2603,20240825,293,1,8,Passive
2604,20250311,9,2,5,Detractor
2605,20240916,967,1,0,Detractor
2606,20241008,1090,1,10,Promoter
2607,20240308,1324,1,7,Passive
2608,20241203,212,1,4,Detractor
2609,20240714,77,1,8,Passive
2610,20241019,1261,1,9,Promoter
2611,20250209,820,1,8,Passive
2612,20240705,1321,1,7,Passive
2613,20250526,709,2,7,Passive
2614,20240503,1325,1,10,Promoter
2615,20250825,1339,1,7,Passive
2616,20250424,136,1,3,Detractor
2617,20240911,459,2,7,Passive
2618,20250108,334,2,4,Detractor
2619,20240214,260,2,10,Promoter
2620,20241210,264,2,8,Passive
2621,20250319,1060,1,10,Promoter
2622,20250110,433,1,10,Promoter
2623,20250503,1056,2,10,Promoter
2624,20250408,246,1,9,Promoter
2625,20241104,1033,1,10,Promoter
2626,20240602,1148,2,8,Passive
2627,20250220,511,1,10,Promoter
2628,20240813,264,1,9,Promoter
2629,20250427,553,1,9,Promoter
2630,20241214,196,1,2,Detractor
2631,20240120,203,2,1,Detractor
2632,20241230,1076,2,4,Detractor
2633,20240630,829,1,4,Detractor
2634,20240925,245,1,10,Promoter
2635,20250213,240,2,10,Promoter
2636,20240807,1173,1,8,Passive
2637,20250210,243,2,8,Passive
2638,20240303,1490,1,9,Promoter
2639,20240207,583,2,7,Passive
2640,20250317,1216,2,6,Detractor
2641,20250614,581,2,8,Passive
2642,20240419,136,1,0,Detractor
2643,20250831,149,2,6,Detractor
2644,20250116,1450,1,9,Promoter
2645,20250128,722,1,8,Passive
2646,20250116,1389,1,9,Promoter
2647,20240616,90,2,9,Promoter
2648,20240927,1330,1,8,Passive
2649,20240629,1170,1,2,Detractor
2650,20240206,154,1,7,Passive
2651,20250120,369,1,7,Passive
2652,20240625,70,2,8,Passive
2653,20240529,488,1,3,Detractor
2654,20240926,1059,2,7,Passive
2655,20250323,1459,1,0,Detractor
2656,20250830,1124,1,10,Promoter
2657,20240704,1030,1,5,Detractor
2658,20250505,210,1,6,Detractor
2659,20240731,184,1,9,Promoter
2660,20250607,513,2,7,Passive
2661,20250905,11,2,8,Passive
2662,20241022,762,1,8,Passive
2663,20250221,385,1,5,Detractor
2664,20250707,1061,2,6,Detractor
2665,20240130,820,1,8,Passive
2666,20250930,662,1,1,Detractor
2667,20241028,1419,1,9,Promoter
2668,20240504,1384,2,10,Promoter
2669,20240614,324,2,10,Promoter
2670,20240523,547,2,10,Promoter
2671,20240430,147,2,7,Passive
2672,20250629,548,1,7,Passive
2673,20240922,610,2,9,Promoter
2674,20240904,20,1,8,Passive
2675,20250807,560,2,1,Detractor
2676,20250114,28,2,8,Passive
2677,20250706,310,1,2,Detractor
2678,20250329,879,2,10,Promoter
2679,20241110,819,1,3,Detractor
2680,20240430,1406,2,7,Passive
2681,20250426,298,2,8,Passive
2682,20241018,1210,1,9,Promoter
2683,20250825,538,1,9,Promoter
2684,20241210,566,2,8,Passive
2685,20240713,1469,1,9,Promoter
2686,20240830,1428,2,8,Passive
2687,20250209,1398,1,4,Detractor
2688,20240924,899,1,4,Detractor
2689,20250117,806,1,7,Passive
2690,20240210,1464,2,7,Passive
2691,20250514,1105,2,7,Passive
2692,20250205,847,1,9,Promoter
